City,Province,Latitude,Longitude,Price,Bedrooms,Bathrooms,Acreage,Property Type,Square Footage,Garage,Parking,Basement,Exterior,Fireplace,Heating,Flooring,Roof,Waterfront,Sewer,Pool,Garden,Balcony
Enderby,BC,50.6077957,-118.7278137,1195000.0,5.0,5.0,0.35,Single Family,3681.0,Yes,No,Finished,Composite,Yes,forced air,carpet,asphalt,No,municipal,No,No,No
Kelowna,BC,49.9867512,-119.4436974,1449900.0,4.0,4.0,0.12,Single Family,4007.0,Yes,No,Finished,Concrete,Yes,forced air,vinyl,other,No,municipal,No,No,No
Kelowna,BC,49.9132643,-119.4523249,878900.0,3.0,2.0,0.16,Single Family,1658.0,Yes,No,No basement,Concrete,Yes,forced air,carpet,tile,No,municipal,No,No,No
Kelowna,BC,49.8961202,-119.4343345,1399000.0,5.0,4.0,0.21,Single Family,3968.0,Yes,No,Finished,Concrete,Yes,forced air,carpet,asphalt,No,municipal,No,No,No
Coldstream,BC,50.2368622,-119.2618637,2399000.0,3.0,4.0,0.8,Single Family,3446.0,Yes,No,Finished,Concrete,Yes,boiler,wood,other,No,municipal,No,No,No
West Kelowna,BC,49.8392483,-119.6176327,624900.0,2.0,2.0,0.1,Single Family,1597.0,Yes,No,No basement,Concrete,Yes,forced air,carpet,asphalt,No,municipal,No,No,No
Kelowna,BC,49.7961636,-119.5124315,1199997.0,4.0,4.0,0.13,Single Family,2908.0,Yes,No,Finished,Brick,Yes,forced air,wood,asphalt,No,municipal,No,No,No
Lake Country,BC,50.0211862,-119.4356592,1450000.0,5.0,3.0,0.24,Single Family,2992.0,Yes,No,Finished,Concrete,Yes,forced air,carpet,asphalt,No,municipal,No,No,No
Kelowna,BC,50.1203014,-119.5154751,614900.0,3.0,2.0,0.07,Single Family,1001.0,Yes,No,No basement,Composite,Yes,forced air,tile,asphalt,No,municipal,No,No,No
Cherryville,BC,50.2496529,-118.7080841,749900.0,3.0,2.0,1.0,Single Family,1375.0,Yes,Yes,Finished,Vinyl,Yes,heat pump,vinyl,metal,No,septic,No,No,No
Kamloops,BC,50.7056236,-120.3791122,899900.0,6.0,4.0,0.27,Single Family,3454.0,Yes,Yes,Finished,Vinyl,No,forced air,other,asphalt,No,municipal,No,No,No
West Kelowna,BC,49.840458,-119.605046,679000.0,2.0,2.0,0.0,Single Family,1447.0,Yes,No,No basement,Composite,No,forced air,wood,asphalt,No,municipal,No,No,No
Revelstoke,BC,50.9801064,-118.1714776,1050000.0,6.0,3.0,0.35,Single Family,2662.0,Yes,Yes,Finished,Concrete,Yes,radiant,laminate,asphalt,No,septic,No,No,No
Sun Peaks,BC,50.879835,-119.894147,2099000.0,4.0,4.0,0.19,Single Family,3483.0,Yes,No,Finished,Composite,Yes,forced air,carpet,asphalt,No,municipal,No,No,No
Penticton,BC,49.4887282,-119.5722698,795000.0,3.0,3.0,0.17,Single Family,1874.0,No,No,Partial,Concrete,No,forced air,carpet,asphalt,No,municipal,No,No,No
Kelowna,BC,49.8801918,-119.4116669,869000.0,4.0,3.0,0.14,Single Family,2357.0,Yes,No,Finished,Vinyl,No,forced air,carpet,asphalt,No,municipal,No,No,No
Barriere,BC,51.1905975,-120.1376419,595000.0,3.0,2.0,0.38,Single Family,1340.0,Yes,No,No basement,Composite,No,forced air,other,asphalt,No,municipal,No,No,No
Spallumcheen,BC,50.3419734,-119.2715559,1289000.0,3.0,3.0,2.01,Single Family,1933.0,Yes,No,No basement,Vinyl,Yes,forced air,carpet,asphalt,No,septic,No,No,No
Blind Bay,BC,50.8617807,-119.3622412,839900.0,3.0,3.0,0.32,Single Family,3108.0,Yes,No,Partial,Concrete,Yes,forced air,carpet,asphalt,No,municipal,No,No,No
Appledale,BC,49.6467552,-117.5273895,789900.0,5.0,3.0,2.85,Single Family,4144.0,No,No,Finished,Wood,Yes,radiant,wood,metal,No,septic,No,No,No
Vernon,BC,50.2501791,-119.3331621,1295000.0,4.0,3.0,3.25,Single Family,2139.0,Yes,No,Finished,Vinyl,Yes,forced air,carpet,asphalt,No,septic,No,No,No
Peachland,BC,49.7823574,-119.7248536,2849999.0,9.0,8.0,0.26,Single Family,6204.0,Yes,Yes,Finished,Concrete,Yes,radiant,wood,asphalt,No,municipal,No,No,No
Kamloops,BC,50.6675492,-120.1796328,724900.0,4.0,3.0,0.1,Single Family,2318.0,Yes,No,Finished,Vinyl,No,forced air,carpet,asphalt,No,municipal,No,No,No
Peachland,BC,49.7716056,-119.7557702,1400000.0,5.0,4.0,0.21,Single Family,4100.0,Yes,No,Finished,Composite,Yes,forced air,wood,asphalt,No,municipal,No,No,No
Penticton,BC,49.5013579,-119.6161913,535000.0,2.0,2.0,0.0,Single Family,1670.0,Yes,No,No basement,Vinyl,Yes,forced air,wood,asphalt,No,municipal,No,No,No
Blind Bay,BC,50.8769066,-119.3772097,658800.0,4.0,3.0,0.32,Single Family,2240.0,Yes,No,Finished,Wood,Yes,forced air,laminate,asphalt,No,septic,No,No,No
Kelowna,BC,49.861917,-119.2433624,1199000.0,5.0,2.0,10.1,Single Family,2873.0,No,Yes,Partial,Wood,No,forced air,wood,asphalt,No,septic,No,No,No
West Kelowna,BC,49.8693944,-119.6149252,1445000.0,4.0,4.0,0.15,Single Family,2884.0,Yes,No,Finished,Composite,Yes,forced air,carpet,asphalt,No,municipal,No,No,No
Kamloops,BC,50.9367638,-120.2432404,1465000.0,6.0,2.0,5.7,Single Family,3200.0,Yes,Yes,Finished,Vinyl,Yes,forced air,other,asphalt,No,none,No,No,No
Kamloops,BC,50.762043,-120.9675446,669000.0,2.0,2.0,1.21,Single Family,2196.0,Yes,Yes,Finished,Concrete,No,forced air,other,metal,No,none,No,No,No
Kelowna,BC,49.7901951,-119.5270321,1389000.0,5.0,4.0,0.39,Single Family,2949.0,Yes,No,Finished,Composite,Yes,forced air,carpet,asphalt,No,septic,No,No,No
Coldstream,BC,50.2177202,-119.117455,1189000.0,4.0,2.0,6.28,Single Family,3365.0,Yes,No,Finished,Vinyl,No,forced air,carpet,asphalt,No,septic,No,No,No
Kamloops,BC,50.7346382,-120.3588028,1199999.0,6.0,6.0,0.12,Single Family,3415.0,Yes,No,Finished,Composite,Yes,forced air,carpet,asphalt,No,municipal,No,No,No
Cranbrook,BC,49.5115317,-115.7530933,539000.0,4.0,3.0,0.18,Single Family,2028.0,Yes,No,Finished,Concrete,Yes,forced air,carpet,asphalt,No,municipal,No,No,No
Lake Country,BC,50.0294094,-119.4331808,2388000.0,3.0,5.0,0.24,Single Family,4488.0,Yes,No,Finished,Concrete,Yes,forced air,wood,other,No,municipal,No,No,No
Pritchard,BC,50.687028,-119.830532,749900.0,3.0,3.0,0.27,Single Family,1286.0,Yes,No,Finished,Composite,No,forced air,laminate,metal,No,municipal,No,No,No
Vernon,BC,50.1861104,-119.3973673,1499000.0,3.0,3.0,0.15,Single Family,2830.0,Yes,No,Finished,Wood,Yes,forced air,carpet,asphalt,No,municipal,No,No,No
West Kelowna,BC,49.8453021,-119.5722794,1599000.0,5.0,4.0,0.24,Single Family,3501.0,Yes,No,Finished,Composite,Yes,forced air,carpet,asphalt,No,municipal,No,No,No
Keremeos,BC,49.2057304,-119.8217926,574900.0,2.0,2.0,0.25,Single Family,1196.0,Yes,Yes,Partial,Concrete,No,forced air,tile,asphalt,No,municipal,No,No,No
Kamloops,BC,50.6666517,-120.1802444,659900.0,4.0,3.0,0.93,Single Family,2190.0,Yes,No,Partial,Vinyl,No,forced air,other,asphalt,No,municipal,No,No,No
West Kelowna,BC,49.8472737,-119.5744325,1774900.0,4.0,3.0,0.18,Single Family,4117.0,Yes,No,Finished,Concrete,Yes,forced air,carpet,asphalt,No,municipal,No,No,No
Castlegar,BC,49.321798,-117.663255,549900.0,4.0,2.0,0.14,Single Family,2136.0,Yes,Yes,Finished,Vinyl,Yes,radiant,carpet,asphalt,No,municipal,No,No,No
Kelowna,BC,49.89192,-119.4871483,879900.0,4.0,2.0,0.13,Single Family,2070.0,No,No,No basement,Concrete,No,radiant,tile,asphalt,No,municipal,No,No,No
Cranbrook,BC,49.5045825,-115.7720084,399000.0,2.0,1.0,0.12,Single Family,992.0,Yes,No,Finished,Vinyl,Yes,forced air,laminate,asphalt,No,municipal,No,No,No
Kelowna,BC,49.7873784,-119.5108092,2699900.0,5.0,4.0,0.23,Single Family,5069.0,Yes,No,Finished,Concrete,No,forced air,carpet,other,No,municipal,No,No,No
Vernon,BC,50.2226169,-119.4679095,670000.0,5.0,3.0,0.25,Single Family,2751.0,No,No,Finished,Vinyl,No,heat pump,carpet,asphalt,No,septic,No,No,No
Cranbrook,BC,49.5431202,-115.7598507,959000.0,3.0,3.0,0.13,Single Family,2260.0,Yes,No,Finished,Composite,Yes,heat pump,carpet,asphalt,No,municipal,No,No,No
Vernon,BC,50.3524323,-119.2929001,545000.0,2.0,2.0,0.13,Single Family,1400.0,Yes,No,No basement,Vinyl,Yes,forced air,vinyl,asphalt,No,septic,No,No,No
West Kelowna,BC,49.8482218,-119.5613195,1770000.0,6.0,4.0,0.46,Single Family,4599.0,Yes,Yes,Finished,Brick,Yes,forced air,carpet,asphalt,No,municipal,No,No,No
Merritt,BC,50.1458473,-120.8845673,799999.0,3.0,2.0,40.31,Single Family,1657.0,Yes,No,No basement,Wood,Yes,radiant,other,other,No,none,No,No,No
Penticton,BC,49.5529609,-119.5692689,1649000.0,4.0,3.0,2.38,Single Family,2833.0,Yes,No,No basement,Composite,Yes,forced air,wood,asphalt,No,septic,No,No,No
Kamloops,BC,50.7017704,-120.3673545,619900.0,4.0,2.0,0.14,Single Family,1712.0,Yes,No,Finished,Composite,Yes,forced air,other,asphalt,No,municipal,No,No,No
Kelowna,BC,49.8764048,-119.4677925,1049900.0,4.0,2.0,0.29,Single Family,2348.0,Yes,Yes,Finished,Metal,No,forced air,carpet,asphalt,No,municipal,No,No,No
Kelowna,BC,49.8939848,-119.3989074,925000.0,5.0,3.0,0.2,Single Family,1590.0,Yes,No,No basement,Concrete,Yes,forced air,laminate,asphalt,No,municipal,No,No,No
Kelowna,BC,49.80363,-119.4567172,2345000.0,4.0,5.0,0.27,Single Family,4030.0,Yes,Yes,Finished,Concrete,Yes,forced air,carpet,shingle,No,municipal,No,No,No
Kamloops,BC,50.6881138,-120.3507211,499999.0,2.0,1.0,0.11,Single Family,788.0,No,Yes,No basement,Vinyl,No,forced air,laminate,asphalt,No,municipal,No,No,No
Kamloops,BC,50.6861731,-120.3438898,589900.0,2.0,2.0,0.12,Single Family,1224.0,Yes,No,No basement,Vinyl,No,forced air,carpet,asphalt,No,municipal,No,No,No
Coldstream,BC,50.2207256,-119.2511655,1295000.0,4.0,3.0,0.46,Single Family,3156.0,Yes,Yes,Finished,Wood,No,forced air,carpet,asphalt,No,municipal,No,No,No
Kaslo,BC,49.9695358,-116.9065704,1150000.0,2.0,3.0,3.26,Single Family,2880.0,Yes,No,Partial,Wood,Yes,alt heat,wood,metal,No,none,No,No,No
Jaffray,BC,49.3956604,-115.2591858,893000.0,3.0,2.0,0.63,Single Family,1620.0,No,No,Finished,Concrete,Yes,forced air,carpet,metal,No,septic,No,No,No
Vernon,BC,50.2548897,-119.2764875,789000.0,4.0,3.0,0.14,Single Family,3058.0,Yes,Yes,Finished,Metal,Yes,forced air,carpet,asphalt,No,municipal,No,No,No
Oliver,BC,49.1973114,-119.5472565,699000.0,3.0,2.0,0.12,Single Family,1569.0,Yes,No,No basement,Composite,Yes,forced air,other,asphalt,No,municipal,No,No,No
Kelowna,BC,49.7884216,-119.5145874,1999000.0,5.0,5.0,0.14,Single Family,4762.0,Yes,No,Finished,Composite,Yes,forced air,wood,asphalt,No,municipal,No,No,No
Salmon Arm,BC,50.6834717,-119.2976532,949900.0,5.0,3.0,0.16,Single Family,3293.0,Yes,No,Finished,Composite,Yes,forced air,carpet,asphalt,No,municipal,No,No,No
Kelowna,BC,49.8792548,-119.4809992,859000.0,3.0,2.0,0.15,Single Family,1644.0,Yes,No,Finished,Concrete,No,forced air,wood,asphalt,No,municipal,No,No,No
Windermere,BC,50.5033646,-116.0090942,2445000.0,3.0,3.0,1.4,Single Family,4047.0,Yes,Yes,Finished,Concrete,Yes,forced air,wood,asphalt,No,septic,No,No,No
Salmon Arm,BC,50.7103402,-119.2521779,1100000.0,4.0,3.0,0.23,Single Family,2962.0,No,Yes,Finished,Brick,Yes,forced air,carpet,asphalt,No,municipal,No,No,No
Kelowna,BC,49.8013703,-119.51673,1599000.0,4.0,3.0,0.6,Single Family,3684.0,Yes,No,Finished,Brick,Yes,forced air,carpet,cedar shake,No,septic,No,No,No
Enderby,BC,50.6078339,-118.7356415,835000.0,3.0,2.0,0.29,Single Family,1653.0,Yes,No,No basement,Composite,Yes,radiant,laminate,asphalt,No,septic,No,No,No
Vernon,BC,50.2980001,-119.1821175,2299000.0,5.0,5.0,4.99,Single Family,4137.0,Yes,Yes,Finished,Composite,No,heat pump,wood,asphalt,No,septic,No,No,No
Kelowna,BC,49.8029175,-119.4555893,1799999.0,5.0,4.0,0.22,Single Family,3206.0,Yes,Yes,Finished,Concrete,Yes,forced air,carpet,asphalt,No,municipal,No,No,No
Kamloops,BC,50.6579797,-120.2673369,1199900.0,4.0,4.0,0.25,Single Family,3071.0,Yes,No,Finished,Composite,Yes,radiant,other,asphalt,No,municipal,No,No,No
Fernie,BC,49.5746498,-114.9825821,1199995.0,2.0,1.0,4.3,Single Family,1064.0,No,Yes,No basement,Metal,Yes,heat pump,wood,metal,No,none,No,No,No
West Kelowna,BC,49.8443382,-119.6191141,579900.0,2.0,2.0,0.09,Single Family,1924.0,Yes,Yes,Finished,Concrete,Yes,forced air,carpet,asphalt,No,municipal,No,No,No
Armstrong,BC,50.4303246,-119.1856232,809900.0,3.0,3.0,0.11,Single Family,2344.0,Yes,No,Finished,Composite,Yes,forced air,carpet,asphalt,No,municipal,No,No,No
Kelowna,BC,49.8184807,-119.4415099,1200000.0,3.0,3.0,0.5,Single Family,1989.0,Yes,No,Partial,Metal,No,forced air,carpet,asphalt,No,septic,No,No,No
Vernon,BC,50.1717555,-119.4400054,624900.0,3.0,3.0,0.0,Single Family,1379.0,No,Yes,No basement,Concrete,No,forced air,wood,metal,No,municipal,No,No,No
Vernon,BC,50.2780685,-119.2606888,649900.0,2.0,2.0,0.0,Single Family,1164.0,Yes,No,No basement,Vinyl,Yes,forced air,vinyl,asphalt,No,municipal,No,No,No
Beasley,BC,49.4836769,-117.4586487,2299999.0,2.0,2.0,15.16,Single Family,3748.0,Yes,Yes,No basement,Wood,Yes,heat pump,carpet,asphalt,No,septic,No,No,No
West Kelowna,BC,49.8516761,-119.6408686,929000.0,6.0,3.0,0.19,Single Family,3152.0,Yes,No,Finished,Concrete,Yes,forced air,wood,asphalt,No,municipal,No,No,No
Kelowna,BC,49.8694162,-119.3562449,999000.0,5.0,3.0,0.15,Single Family,2675.0,Yes,No,Finished,Vinyl,Yes,forced air,wood,asphalt,No,municipal,No,No,No
Kelowna,BC,49.8168219,-119.4758573,1875000.0,7.0,5.0,0.55,Single Family,5789.0,Yes,Yes,Partial,Wood,Yes,forced air,carpet,tile,No,municipal,No,No,No
Princeton,BC,49.4739761,-120.5236511,879900.0,3.0,2.0,0.54,Single Family,1824.0,Yes,No,No basement,Composite,Yes,forced air,vinyl,asphalt,No,none,No,No,No
Invermere,BC,50.4954376,-116.0212708,1245000.0,4.0,3.0,0.2,Single Family,2610.0,Yes,No,Finished,Composite,Yes,forced air,carpet,asphalt,No,municipal,No,No,No
Kelowna,BC,49.8984699,-119.3894125,825000.0,5.0,2.0,0.21,Single Family,2400.0,Yes,No,Finished,Vinyl,Yes,forced air,vinyl,asphalt,No,municipal,No,No,No
Lumby,BC,50.281971,-118.9451828,2699000.0,5.0,4.0,145.0,Single Family,3368.0,No,No,Finished,Brick,Yes,forced air,other,asphalt,No,septic,No,No,No
Invermere,BC,50.517292,-115.9964142,479500.0,4.0,3.0,0.25,Single Family,2005.0,No,No,Finished,Vinyl,Yes,forced air,other,asphalt,No,septic,No,No,No
Lillooet,BC,50.7142296,-121.916893,749000.0,5.0,2.0,0.75,Single Family,2800.0,Yes,Yes,Finished,Wood,No,heat pump,carpet,asphalt,No,septic,No,No,No
Kelowna,BC,49.7918496,-119.5179426,1149000.0,4.0,4.0,0.12,Single Family,2963.0,Yes,No,Finished,Composite,Yes,forced air,carpet,asphalt,No,municipal,No,No,No
Naramata,BC,49.5970814,-119.5941618,749000.0,2.0,1.0,0.1,Single Family,816.0,Yes,No,No basement,Composite,Yes,radiant,other,asphalt,No,septic,No,No,No
Enderby,BC,50.5539614,-119.1502799,1180000.0,4.0,5.0,0.22,Single Family,4332.0,Yes,No,Finished,Concrete,Yes,forced air,carpet,asphalt,No,municipal,No,No,No
Kamloops,BC,50.6871948,-120.3447647,499900.0,4.0,2.0,0.14,Single Family,2085.0,No,No,Finished,Concrete,No,forced air,carpet,asphalt,No,municipal,No,No,No
Vernon,BC,50.2598502,-119.2486177,719000.0,2.0,2.0,0.16,Single Family,1735.0,Yes,No,No basement,Concrete,Yes,forced air,wood,asphalt,No,municipal,No,No,No
Sicamous,BC,50.8362465,-118.9727783,580000.0,3.0,2.0,0.15,Single Family,1824.0,Yes,Yes,Finished,Vinyl,Yes,radiant,laminate,asphalt,No,municipal,No,No,No
Ashcroft,BC,50.7208977,-121.2725754,699900.0,4.0,4.0,0.17,Single Family,2744.0,Yes,No,Finished,Vinyl,No,forced air,other,asphalt,No,municipal,No,No,No
Spallumcheen,BC,50.4452229,-119.1529841,940000.0,4.0,3.0,0.43,Single Family,2475.0,Yes,Yes,Partial,Brick,Yes,forced air,wood,asphalt,No,septic,No,No,No
Barriere,BC,51.1846199,-120.1231461,350000.0,2.0,1.0,0.22,Single Family,2315.0,Yes,Yes,Partial,Wood,No,radiant,laminate,metal,No,municipal,No,No,No
Lake Country,BC,50.0861078,-119.4468553,2250000.0,4.0,3.0,1.9,Single Family,3466.0,No,Yes,Finished,Wood,Yes,heat pump,carpet,asphalt,No,septic,No,No,No
West Kelowna,BC,49.8356729,-119.6524541,889000.0,4.0,3.0,0.24,Single Family,2098.0,Yes,No,Finished,Concrete,Yes,forced air,vinyl,asphalt,No,municipal,No,No,No
Penticton,BC,49.4585403,-119.5808685,725000.0,2.0,2.0,0.0,Single Family,1483.0,Yes,No,No basement,Concrete,Yes,forced air,laminate,asphalt,No,municipal,No,No,No
Armstrong,BC,50.4489136,-119.2058868,749900.0,6.0,3.0,0.43,Single Family,3269.0,Yes,Yes,Finished,Metal,Yes,forced air,laminate,asphalt,No,municipal,No,No,No
Sparwood,BC,49.7315428,-114.8906378,535000.0,4.0,2.0,0.17,Single Family,1593.0,No,No,Finished,Concrete,Yes,forced air,tile,asphalt,No,municipal,No,No,No
Kelowna,BC,49.82317,-119.4880006,937000.0,4.0,3.0,0.21,Single Family,2083.0,Yes,No,Finished,Concrete,No,forced air,vinyl,asphalt,No,municipal,No,No,No
Cranbrook,BC,49.4915071,-115.7795741,789000.0,3.0,3.0,0.22,Single Family,2198.0,Yes,Yes,Finished,Vinyl,No,forced air,carpet,asphalt,No,municipal,No,No,No
Kelowna,BC,49.7948761,-119.5226995,1399900.0,5.0,3.0,0.34,Single Family,3745.0,Yes,No,Partial,Wood,Yes,forced air,carpet,asphalt,No,septic,No,No,No
Kuskanook,BC,49.2950439,-115.1110611,399000.0,2.0,1.0,0.56,Single Family,1551.0,No,No,Finished,Metal,Yes,radiant,laminate,metal,No,septic,No,No,No
Keremeos,BC,49.2263107,-119.8156433,899000.0,3.0,3.0,10.05,Single Family,2265.0,No,No,No basement,Metal,Yes,heat pump,vinyl,metal,No,septic,No,No,No
Penticton,BC,49.4918686,-119.6123163,869000.0,2.0,2.0,0.11,Single Family,1960.0,Yes,No,No basement,Concrete,Yes,forced air,wood,shingle,No,municipal,No,No,No
Kelowna,BC,49.8868514,-119.4628014,879900.0,6.0,2.0,0.13,Single Family,1948.0,No,No,Finished,Concrete,No,radiant,laminate,tar,No,municipal,No,No,No
Princeton,BC,49.5415649,-120.7406387,1149000.0,4.0,3.0,0.54,Single Family,2553.0,Yes,Yes,Finished,Wood,Yes,radiant,carpet,metal,No,septic,No,No,No
Cranbrook,BC,49.4985459,-115.7791682,879000.0,6.0,4.0,0.28,Single Family,4252.0,Yes,Yes,Finished,Vinyl,Yes,forced air,carpet,asphalt,No,municipal,No,No,No
Vernon,BC,50.2740974,-119.2878418,1200000.0,3.0,3.0,0.12,Single Family,2958.0,Yes,No,Finished,Composite,Yes,forced air,tile,asphalt,No,municipal,No,No,No
Vernon,BC,50.2547751,-119.2995383,835000.0,2.0,2.0,0.18,Single Family,1937.0,Yes,No,No basement,Vinyl,No,forced air,carpet,asphalt,No,municipal,No,No,No
Kelowna,BC,49.7873764,-119.5165558,1350000.0,6.0,5.0,0.14,Single Family,3440.0,Yes,No,Finished,Wood,Yes,forced air,tile,asphalt,No,municipal,No,No,No
Nakusp,BC,50.2431564,-117.800415,796900.0,7.0,4.0,0.26,Single Family,4300.0,Yes,Yes,Finished,Wood,No,forced air,wood,metal,No,municipal,No,No,No
Spallumcheen,BC,50.4691836,-119.1307601,1590000.0,5.0,3.0,28.42,Single Family,2564.0,Yes,Yes,Finished,Vinyl,Yes,radiant,carpet,metal,No,septic,No,No,No
West Kelowna,BC,49.8318304,-119.6110801,589900.0,2.0,2.0,0.0,Single Family,1029.0,Yes,Yes,No basement,Concrete,Yes,forced air,carpet,asphalt,No,municipal,No,No,No
Kamloops,BC,50.7535452,-120.3467667,1199900.0,6.0,4.0,0.12,Single Family,3546.0,Yes,No,Finished,Composite,Yes,forced air,carpet,asphalt,No,municipal,No,No,No
Castlegar,BC,49.247504,-117.655826,449000.0,3.0,1.0,0.29,Single Family,1183.0,No,No,Partial,Wood,Yes,heat pump,vinyl,asphalt,No,septic,No,No,No
Kelowna,BC,49.8765804,-119.4834684,699000.0,3.0,1.0,0.14,Single Family,812.0,Yes,Yes,No basement,Vinyl,No,forced air,vinyl,asphalt,No,municipal,No,No,No
Kamloops,BC,50.6387167,-120.1239872,1249900.0,4.0,4.0,2.6,Single Family,3420.0,Yes,Yes,Finished,Wood,Yes,forced air,other,other,No,none,No,No,No
Vernon,BC,50.304609,-119.221958,995900.0,5.0,3.0,0.18,Single Family,3004.0,Yes,Yes,Finished,Concrete,Yes,forced air,carpet,asphalt,No,municipal,No,No,No
Merritt,BC,50.1906052,-120.5162735,849000.0,4.0,3.0,1.0,Single Family,1952.0,No,Yes,Finished,Composite,Yes,heat pump,wood,asphalt,No,municipal,No,No,No
Windermere,BC,50.5076408,-116.0095673,949000.0,3.0,3.0,0.18,Single Family,2014.0,Yes,No,Finished,Metal,Yes,heat pump,vinyl,metal,No,municipal,No,No,No
Kamloops,BC,50.6620822,-120.2699933,1329900.0,5.0,3.0,0.26,Single Family,3380.0,Yes,Yes,Finished,Composite,Yes,forced air,other,asphalt,No,municipal,No,No,No
Ymir,BC,49.31927,-117.231989,2350000.0,3.0,2.0,41.9,Single Family,3196.0,Yes,No,Finished,Wood,No,radiant,wood,metal,No,septic,No,No,No
Ymir,BC,49.282684,-117.217291,459000.0,4.0,2.0,0.15,Single Family,2252.0,Yes,No,Partial,Metal,Yes,forced air,vinyl,metal,No,none,No,No,No
Vernon,BC,50.1840248,-119.3837204,1999000.0,4.0,4.0,0.27,Single Family,3250.0,Yes,No,Finished,Brick,Yes,forced air,carpet,metal,No,municipal,No,No,No
Kimberley,BC,49.665528,-115.969744,700000.0,3.0,3.0,0.22,Single Family,2356.0,Yes,Yes,Finished,Wood,Yes,forced air,other,asphalt,No,municipal,No,No,No
Kelowna,BC,49.9035615,-119.4739302,3495000.0,4.0,6.0,0.47,Single Family,6831.0,Yes,No,Finished,Concrete,Yes,forced air,other,other,No,municipal,No,No,No
Penticton,BC,49.4681435,-119.5656469,829000.0,4.0,3.0,0.08,Single Family,2172.0,Yes,No,No basement,Composite,Yes,forced air,carpet,asphalt,No,municipal,No,No,No
Castlegar,BC,49.288034,-117.652184,449939.0,3.0,1.0,1.9,Single Family,1014.0,No,Yes,No basement,Vinyl,No,forced air,wood,metal,No,municipal,No,No,No
Kelowna,BC,49.8899634,-119.4875699,749000.0,2.0,2.0,0.07,Single Family,1408.0,No,No,No basement,Vinyl,Yes,heat pump,vinyl,asphalt,No,municipal,No,No,No
Spallumcheen,BC,50.3826523,-119.3060608,2780000.0,10.0,8.0,7.36,Single Family,7763.0,Yes,Yes,Finished,Composite,Yes,forced air,carpet,asphalt,No,septic,No,No,No
Salmon Arm,BC,50.6866555,-119.2965407,789900.0,3.0,3.0,0.1,Single Family,2484.0,Yes,No,Finished,Composite,Yes,forced air,carpet,asphalt,No,municipal,No,No,No
Vernon,BC,50.2347768,-119.3566503,1065900.0,3.0,3.0,0.2,Single Family,2271.0,Yes,No,Finished,Composite,Yes,forced air,vinyl,asphalt,No,municipal,No,No,No
Vernon,BC,50.1900826,-119.4002228,2499900.0,5.0,4.0,0.16,Single Family,3776.0,Yes,No,Finished,Metal,Yes,forced air,carpet,tar,No,municipal,No,No,No
Kamloops,BC,50.6540346,-120.3469644,1299900.0,6.0,5.0,0.18,Single Family,3378.0,Yes,No,Finished,Wood,Yes,forced air,other,asphalt,No,municipal,No,No,No
Kelowna,BC,49.804401,-119.4698893,1279000.0,4.0,4.0,0.11,Single Family,2631.0,Yes,No,Finished,Composite,Yes,forced air,wood,asphalt,No,municipal,No,No,No
Westbank,BC,49.8399865,-119.6185053,775000.0,3.0,3.0,0.0,Single Family,2942.0,Yes,No,Finished,Concrete,Yes,forced air,vinyl,asphalt,No,municipal,No,No,No
West Kelowna,BC,49.8464109,-119.568979,1385000.0,5.0,3.0,0.33,Single Family,2901.0,Yes,No,Finished,Concrete,Yes,forced air,carpet,asphalt,No,municipal,No,No,No
Merritt,BC,50.1601753,-120.8760605,884000.0,4.0,2.0,1.84,Single Family,2416.0,Yes,Yes,Finished,Vinyl,Yes,forced air,other,asphalt,No,none,No,No,No
Armstrong,BC,50.440403,-119.2060318,479000.0,4.0,3.0,0.0,Single Family,1567.0,No,Yes,Finished,Concrete,Yes,forced air,carpet,asphalt,No,municipal,No,No,No
Kamloops,BC,50.6702664,-120.3179787,749000.0,4.0,2.0,0.09,Single Family,2128.0,No,No,Finished,Vinyl,No,forced air,other,asphalt,No,municipal,No,No,No
Vernon,BC,50.3038979,-119.2097931,799999.0,3.0,3.0,0.4,Single Family,1934.0,Yes,No,Finished,Concrete,Yes,forced air,tile,asphalt,No,none,No,No,No
Kelowna,BC,49.9167187,-119.3422655,1450000.0,6.0,4.0,0.13,Single Family,4125.0,Yes,No,Finished,Composite,Yes,forced air,tile,asphalt,No,municipal,No,No,No
Kamloops,BC,50.6555967,-120.2246835,1224900.0,6.0,3.0,0.23,Single Family,3361.0,Yes,Yes,Finished,Brick,Yes,forced air,carpet,asphalt,No,municipal,No,No,No
Kamloops,BC,50.7138481,-120.360671,698000.0,5.0,2.0,0.15,Single Family,2092.0,Yes,Yes,Finished,Concrete,No,forced air,other,asphalt,No,municipal,No,No,No
Kamloops,BC,50.7050081,-120.4141264,824900.0,4.0,2.0,0.23,Single Family,2497.0,Yes,Yes,Finished,Brick,Yes,forced air,other,asphalt,No,municipal,No,No,No
Logan Lake,BC,50.49735,-120.820896,585000.0,3.0,2.0,0.21,Single Family,1902.0,Yes,No,Finished,Vinyl,Yes,forced air,other,asphalt,No,municipal,No,No,No
Lake Country,BC,50.0495262,-119.4054337,889000.0,2.0,1.0,0.14,Single Family,1002.0,Yes,Yes,No basement,Vinyl,No,forced air,wood,asphalt,No,municipal,No,No,No
Westbank,BC,49.8390961,-119.6162983,519900.0,1.0,2.0,0.0,Single Family,1263.0,Yes,No,No basement,Concrete,No,forced air,tile,asphalt,No,municipal,No,No,No
Summerland,BC,49.6215553,-119.6772766,1475000.0,4.0,3.0,0.24,Single Family,2530.0,No,No,No basement,Wood,Yes,forced air,wood,asphalt,No,septic,No,No,No
West Kelowna,BC,49.839736,-119.638896,699000.0,3.0,2.0,0.09,Single Family,1540.0,Yes,No,No basement,Composite,No,forced air,vinyl,asphalt,No,municipal,No,No,No
Kelowna,BC,49.9656333,-119.4015985,975000.0,4.0,3.0,0.0,Single Family,2763.0,Yes,No,Finished,Concrete,Yes,forced air,carpet,tile,No,municipal,No,No,No
West Kelowna,BC,49.8452581,-119.5762017,1250000.0,4.0,3.0,0.25,Single Family,3770.0,Yes,No,Finished,Concrete,Yes,forced air,carpet,asphalt,No,municipal,No,No,No
Kaslo,BC,49.9509888,-116.9014282,599900.0,2.0,1.0,0.63,Single Family,1145.0,No,No,Partial,Wood,Yes,radiant,laminate,metal,No,septic,No,No,No
Kamloops,BC,50.676487,-119.7848587,1149000.0,3.0,2.0,10.5,Single Family,1750.0,Yes,Yes,No basement,Wood,Yes,forced air,other,asphalt,No,none,No,No,No
Merritt,BC,50.111126,-120.797021,409000.0,1.0,1.0,0.13,Single Family,828.0,Yes,No,No basement,Vinyl,No,forced air,other,asphalt,No,municipal,No,No,No
Kelowna,BC,49.9013219,-119.4685933,2595000.0,4.0,5.0,0.33,Single Family,4993.0,Yes,No,Finished,Concrete,Yes,forced air,carpet,other,No,municipal,No,No,No
Brisco,BC,50.8303334,-116.2677503,649900.0,4.0,3.0,6.9,Single Family,2364.0,No,No,Finished,Wood,Yes,forced air,carpet,metal,No,septic,No,No,No
Kamloops,BC,50.6779357,-120.363058,669900.0,4.0,3.0,0.07,Single Family,2006.0,Yes,No,Finished,Vinyl,No,forced air,other,asphalt,No,municipal,No,No,No
Falkland,BC,50.4863548,-119.5366821,948500.0,3.0,1.0,86.62,Single Family,1400.0,Yes,Yes,Partial,Vinyl,Yes,heat pump,other,metal,No,septic,No,No,No
Kamloops,BC,50.6881709,-120.3472062,749900.0,3.0,2.0,0.19,Single Family,1810.0,Yes,Yes,Finished,Vinyl,No,forced air,other,asphalt,No,municipal,No,No,No
West Kelowna,BC,49.8861074,-119.5522913,1499900.0,5.0,4.0,0.45,Single Family,4072.0,Yes,No,Finished,Metal,Yes,forced air,carpet,asphalt,No,municipal,No,No,No
Barriere,BC,51.185791,-120.1382294,675000.0,3.0,2.0,0.23,Single Family,2600.0,Yes,Yes,No basement,Concrete,No,forced air,other,asphalt,No,none,No,No,No
Kelowna,BC,49.9226254,-119.4643572,1449000.0,6.0,4.0,0.2,Single Family,3952.0,Yes,No,Finished,Composite,Yes,forced air,carpet,asphalt,No,municipal,No,No,No
Kelowna,BC,49.9715308,-119.4546693,1699000.0,5.0,4.0,0.43,Single Family,4465.0,Yes,No,Finished,Composite,Yes,forced air,carpet,asphalt,No,septic,No,No,No
Fairmont Hot Springs,BC,50.3274144,-115.861743,769900.0,6.0,6.0,0.3,Single Family,3951.0,Yes,No,Finished,Concrete,Yes,forced air,other,tile,No,municipal,No,No,No
Kelowna,BC,49.8235238,-119.4874456,1250000.0,4.0,3.0,0.23,Single Family,2423.0,No,No,No basement,Metal,Yes,forced air,wood,asphalt,No,municipal,No,No,No
Penticton,BC,49.467843,-119.5747478,799000.0,5.0,3.0,0.15,Single Family,2603.0,No,No,Finished,Vinyl,No,forced air,vinyl,asphalt,No,municipal,No,No,No
Invermere,BC,50.501358,-116.0467758,1429000.0,5.0,4.0,0.44,Single Family,3033.0,Yes,Yes,No basement,Wood,Yes,heat pump,wood,cedar shake,No,municipal,No,No,No
Nelson,BC,49.492499,-117.29047,549000.0,5.0,2.0,0.07,Single Family,1521.0,No,No,Finished,Wood,No,radiant,other,asphalt,No,municipal,No,No,No
Winlaw,BC,49.6270866,-117.5567398,989900.0,5.0,3.0,5.2,Single Family,3732.0,Yes,No,Finished,Wood,No,radiant,wood,asphalt,No,septic,No,No,No
Kamloops,BC,50.7288895,-120.0282211,998000.0,4.0,2.0,0.4,Single Family,2146.0,No,Yes,Finished,Composite,Yes,forced air,carpet,asphalt,No,none,No,No,No
Kelowna,BC,49.8162727,-119.4890137,2099000.0,6.0,4.0,0.11,Single Family,4375.0,Yes,No,Finished,Composite,Yes,forced air,tile,asphalt,No,municipal,No,No,No
Kamloops,BC,50.7283707,-120.6787109,1199900.0,5.0,3.0,0.36,Single Family,2991.0,Yes,No,Partial,Composite,Yes,forced air,other,asphalt,No,municipal,No,No,No
Kelowna,BC,49.8205515,-119.4854436,1239000.0,4.0,3.0,0.2,Single Family,2914.0,Yes,No,Finished,Concrete,Yes,forced air,carpet,tile,No,municipal,No,No,No
Merritt,BC,50.102437,-120.765933,699000.0,5.0,3.0,0.23,Single Family,2822.0,Yes,No,Partial,Vinyl,Yes,forced air,other,asphalt,No,municipal,No,No,No
West Kelowna,BC,49.8778584,-119.5425828,424800.0,3.0,2.0,0.11,Single Family,1446.0,No,No,No basement,Vinyl,No,forced air,carpet,asphalt,No,municipal,No,No,No
Vernon,BC,50.2983577,-119.2757791,2275000.0,5.0,4.0,12.86,Single Family,3669.0,Yes,No,Finished,Composite,Yes,forced air,wood,asphalt,No,septic,No,No,No
Kelowna,BC,49.8004424,-119.5155847,1895000.0,3.0,4.0,0.29,Single Family,3474.0,Yes,No,Finished,Concrete,Yes,forced air,wood,metal,No,municipal,No,No,No
Armstrong,BC,50.4377975,-119.1926804,950000.0,4.0,4.0,0.22,Single Family,3100.0,Yes,No,Finished,Composite,Yes,forced air,carpet,asphalt,No,municipal,No,No,No
Vernon,BC,50.2324832,-119.4044096,1249900.0,3.0,3.0,0.21,Single Family,2937.0,Yes,No,Finished,Wood,Yes,forced air,tile,asphalt,No,municipal,No,No,No
Vernon,BC,50.2485347,-119.3157582,679900.0,2.0,2.0,0.09,Single Family,1429.0,Yes,No,No basement,Vinyl,Yes,forced air,carpet,asphalt,No,municipal,No,No,No
Kelowna,BC,49.8019142,-119.4956589,2649000.0,4.0,3.0,1.39,Single Family,3988.0,Yes,Yes,Finished,Brick,No,forced air,wood,asphalt,No,municipal,No,No,No
Kelowna,BC,49.787529,-119.5229176,2999900.0,5.0,6.0,0.32,Single Family,6706.0,Yes,No,Finished,Concrete,Yes,forced air,carpet,asphalt,No,municipal,No,No,No
Logan Lake,BC,50.497728,-120.819816,524900.0,4.0,3.0,0.2,Single Family,2340.0,No,Yes,Finished,Brick,Yes,forced air,carpet,asphalt,No,municipal,No,No,No
Kamloops,BC,50.7421684,-120.7025909,1098000.0,5.0,4.0,0.17,Single Family,2901.0,Yes,Yes,Partial,Composite,Yes,forced air,other,asphalt,No,municipal,No,No,No
Peachland,BC,49.7937293,-119.7000944,2180000.0,3.0,4.0,0.0,Single Family,2089.0,Yes,No,Finished,Concrete,Yes,forced air,carpet,other,No,municipal,No,No,No
Kelowna,BC,49.8779781,-119.4879179,1399900.0,10.0,4.0,0.18,Single Family,3524.0,No,No,No basement,Concrete,Yes,radiant,carpet,asphalt,No,municipal,No,No,No
Castlegar,BC,49.2768478,-117.6298065,439000.0,3.0,2.0,0.59,Single Family,924.0,No,Yes,No basement,Concrete,No,forced air,carpet,asphalt,No,septic,No,No,No
Fairmont Hot Springs,BC,50.2387722,-115.8693596,2499000.0,5.0,5.0,0.66,Single Family,4188.0,Yes,No,Finished,Composite,Yes,forced air,carpet,asphalt,No,septic,No,No,No
Barriere,BC,51.1013107,-119.8220444,1499000.0,3.0,3.0,153.0,Single Family,2950.0,Yes,Yes,Partial,Wood,No,radiant,wood,asphalt,No,none,No,No,No
Lake Country,BC,50.0130124,-119.438458,3149000.0,4.0,3.0,0.78,Single Family,5165.0,Yes,No,Finished,Concrete,Yes,forced air,carpet,other,No,municipal,No,No,No
Kelowna,BC,49.864221,-119.2183978,1429000.0,6.0,4.0,1.23,Single Family,4378.0,Yes,Yes,Finished,Composite,Yes,fireplace,carpet,asphalt,No,septic,No,No,No
Peachland,BC,49.7563538,-119.7567621,1049000.0,3.0,3.0,0.28,Single Family,2412.0,Yes,No,Finished,Composite,Yes,forced air,carpet,asphalt,No,municipal,No,No,No
Castlegar,BC,49.2610817,-117.6647568,849900.0,4.0,4.0,0.15,Single Family,2662.0,Yes,No,Finished,Composite,No,forced air,carpet,asphalt,No,municipal,No,No,No
Kelowna,BC,49.9041542,-119.3615819,1095000.0,5.0,3.0,0.25,Single Family,2443.0,Yes,No,Finished,Composite,Yes,forced air,carpet,asphalt,No,municipal,No,No,No
Kelowna,BC,49.9370454,-119.3461308,994500.0,3.0,3.0,0.17,Single Family,2757.0,Yes,No,Finished,Composite,No,forced air,carpet,asphalt,No,municipal,No,No,No
Revelstoke,BC,50.9461165,-118.1684484,899000.0,2.0,1.0,1.03,Single Family,1008.0,Yes,No,Finished,Wood,No,radiant,laminate,metal,No,septic,No,No,No
Lake Country,BC,50.0604095,-119.381073,2739000.0,5.0,4.0,8.5,Single Family,4042.0,Yes,No,Finished,Composite,Yes,forced air,carpet,asphalt,No,septic,No,No,No
Salmo,BC,49.1910744,-117.2952576,1649000.0,3.0,2.0,6.67,Single Family,2370.0,Yes,Yes,No basement,Wood,Yes,radiant,other,asphalt,No,none,No,No,No
Kelowna,BC,49.7838903,-119.523187,2900000.0,5.0,4.0,0.26,Single Family,3965.0,Yes,No,Finished,Composite,Yes,forced air,wood,asphalt,No,municipal,No,No,No
Chase,BC,50.8199425,-119.6830978,299000.0,1.0,1.0,0.07,Single Family,785.0,Yes,Yes,Partial,Concrete,Yes,forced air,carpet,asphalt,No,municipal,No,No,No
Kamloops,BC,50.8587265,-120.1592255,1275000.0,4.0,3.0,27.06,Single Family,3444.0,Yes,No,Partial,Vinyl,Yes,forced air,carpet,asphalt,No,none,No,No,No
Vernon,BC,50.173027,-119.4407043,724800.0,3.0,3.0,0.06,Single Family,1285.0,No,No,No basement,Wood,No,forced air,carpet,metal,No,municipal,No,No,No
Vernon,BC,50.2493503,-119.3175826,639000.0,2.0,2.0,0.1,Single Family,1154.0,Yes,No,No basement,Vinyl,Yes,forced air,carpet,asphalt,No,municipal,No,No,No
Kelowna,BC,49.7896172,-119.5243121,2248000.0,5.0,4.0,0.43,Single Family,3794.0,Yes,No,Finished,Wood,Yes,forced air,carpet,shingle,No,septic,No,No,No
Kelowna,BC,49.7879661,-119.522986,1999900.0,5.0,4.0,0.27,Single Family,4606.0,Yes,No,Finished,Concrete,Yes,forced air,carpet,asphalt,No,none,No,No,No
Vernon,BC,50.2385254,-119.4474716,449900.0,3.0,3.0,0.0,Single Family,2700.0,Yes,No,Finished,Brick,Yes,forced air,carpet,asphalt,No,septic,No,No,No
Golden,BC,51.301403,-116.9677429,848000.0,5.0,2.0,0.22,Single Family,2225.0,Yes,No,Finished,Vinyl,No,radiant,carpet,metal,No,municipal,No,No,No
Sorrento,BC,50.8788528,-119.4466782,1400000.0,4.0,4.0,3.7,Single Family,5062.0,No,Yes,Partial,Composite,No,forced air,other,metal,No,septic,No,No,No
Kelowna,BC,49.8268643,-119.4762679,1549000.0,4.0,4.0,0.13,Single Family,3286.0,Yes,No,Finished,Composite,Yes,forced air,carpet,asphalt,No,municipal,No,No,No
Kamloops,BC,50.6670216,-120.3183917,779900.0,3.0,2.0,0.14,Single Family,1430.0,No,No,Partial,Concrete,Yes,forced air,other,asphalt,No,municipal,No,No,No
Castlegar,BC,49.33574,-117.671244,749900.0,4.0,4.0,0.45,Single Family,3088.0,Yes,No,Finished,Vinyl,Yes,forced air,carpet,asphalt,No,septic,No,No,No
Kamloops,BC,50.6604373,-120.2481312,749900.0,3.0,3.0,0.18,Single Family,3113.0,Yes,No,No basement,Wood,No,forced air,carpet,asphalt,No,municipal,No,No,No
Kamloops,BC,50.6569839,-120.2229916,1379000.0,4.0,4.0,0.53,Single Family,3307.0,Yes,No,No basement,Concrete,Yes,forced air,other,asphalt,No,municipal,No,No,No
Vernon,BC,50.2526703,-119.3066559,824900.0,4.0,3.0,0.14,Single Family,2074.0,Yes,No,Finished,Composite,Yes,forced air,wood,asphalt,No,municipal,No,No,No
Osoyoos,BC,49.0117325,-119.4898124,899900.0,3.0,4.0,0.19,Single Family,2840.0,Yes,No,Finished,Concrete,Yes,forced air,carpet,tile,No,municipal,No,No,No
Trail,BC,49.0998383,-117.7244339,260000.0,5.0,2.0,0.07,Single Family,2018.0,No,No,Finished,Concrete,No,forced air,carpet,asphalt,No,municipal,No,No,No
Fruitvale,BC,49.1098747,-117.5538635,469000.0,3.0,2.0,0.16,Single Family,1483.0,Yes,Yes,No basement,Brick,Yes,forced air,carpet,asphalt,No,municipal,No,No,No
Trail,BC,49.110768,-117.721792,795000.0,4.0,3.0,0.3,Single Family,2925.0,Yes,No,Finished,Vinyl,Yes,forced air,carpet,asphalt,No,septic,No,No,No
Manning Park,BC,49.1389999,-120.6166,479000.0,3.0,2.0,0.36,Single Family,2246.0,No,No,Finished,Metal,Yes,radiant,wood,metal,No,septic,No,No,No
Fruitvale,BC,49.1187811,-117.5478608,579900.0,4.0,3.0,0.17,Single Family,2413.0,Yes,No,Finished,Vinyl,Yes,forced air,wood,asphalt,No,municipal,No,No,No
Trail,BC,49.099832,-117.690984,499900.0,3.0,2.0,0.12,Single Family,1276.0,No,No,Finished,Concrete,Yes,forced air,vinyl,asphalt,No,municipal,No,No,No
Trail,BC,49.099107,-117.674097,494000.0,2.0,2.0,0.14,Single Family,2282.0,Yes,No,Finished,Concrete,No,forced air,wood,asphalt,No,municipal,No,No,No
Grand Forks,BC,49.0275383,-118.4498596,310600.0,2.0,2.0,0.22,Single Family,1080.0,Yes,No,Partial,Concrete,Yes,forced air,wood,asphalt,No,municipal,No,No,No
Rossland,BC,49.0826834,-117.7984264,559000.0,4.0,2.0,0.15,Single Family,2218.0,No,No,Finished,Concrete,No,forced air,wood,metal,No,municipal,No,No,No
Midway,BC,49.0098889,-118.779573,499000.0,3.0,2.0,0.16,Single Family,1296.0,No,Yes,Partial,Concrete,No,forced air,carpet,asphalt,No,municipal,No,No,No
Grand Forks,BC,49.0302543,-118.4631767,429000.0,3.0,2.0,0.21,Single Family,1967.0,No,No,Finished,Vinyl,No,forced air,carpet,asphalt,No,municipal,No,No,No
Grand Forks,BC,49.026062,-118.4549866,315000.0,3.0,1.0,0.17,Single Family,1335.0,No,Yes,Partial,Concrete,Yes,boiler,tile,asphalt,No,municipal,No,No,No
Vernon,BC,49.2415009,-123.0608215,499000.0,2.0,1.0,0.23,Single Family,748.0,No,No,No basement,Vinyl,No,forced air,vinyl,asphalt,No,municipal,No,No,No
Kelowna,BC,49.8179321,-119.4762115,1175000.0,4.0,3.0,0.24,Single Family,2284.0,Yes,No,Partial,Brick,Yes,forced air,carpet,asphalt,No,municipal,No,No,No
West Kelowna,BC,49.839231,-119.638202,769900.0,4.0,3.0,0.07,Single Family,2399.0,Yes,No,No basement,Composite,Yes,forced air,carpet,asphalt,No,municipal,No,No,No
West Kelowna,BC,49.843679,-119.5612173,1300000.0,5.0,5.0,0.38,Single Family,5054.0,Yes,No,Finished,Concrete,No,forced air,vinyl,asphalt,No,municipal,No,No,No
West Kelowna,BC,49.8658017,-119.5514236,1699000.0,3.0,3.0,0.62,Single Family,3316.0,Yes,No,Partial,Concrete,Yes,forced air,carpet,asphalt,No,septic,No,No,No
West Kelowna,BC,49.862183,-119.563713,1379000.0,5.0,4.0,0.6,Single Family,4106.0,Yes,No,Finished,Brick,Yes,forced air,carpet,asphalt,No,municipal,No,No,No
West Kelowna,BC,49.8484596,-119.6307028,869900.0,4.0,3.0,0.26,Single Family,2355.0,Yes,No,Finished,Vinyl,Yes,forced air,carpet,asphalt,No,municipal,No,No,No
Kelowna,BC,49.8821318,-119.3825121,880000.0,4.0,3.0,0.28,Single Family,2308.0,Yes,Yes,Finished,Wood,Yes,forced air,carpet,asphalt,No,septic,No,No,No
West Kelowna,BC,49.8159103,-119.6346817,1170000.0,3.0,3.0,0.11,Single Family,2839.0,Yes,No,Finished,Composite,Yes,forced air,wood,asphalt,No,municipal,No,No,No
Kelowna,BC,49.9003512,-119.4776961,1999900.0,4.0,4.0,0.67,Single Family,3311.0,Yes,No,Finished,Concrete,No,forced air,tile,asphalt,No,municipal,No,No,No
Kelowna,BC,49.8819504,-119.484848,1703025.0,3.0,1.0,0.25,Single Family,1778.0,Yes,No,Finished,Vinyl,No,radiant,carpet,asphalt,No,municipal,No,No,No
Kelowna,BC,49.8886226,-119.4791929,1099900.0,4.0,3.0,0.15,Single Family,2139.0,Yes,Yes,No basement,Concrete,Yes,forced air,carpet,asphalt,No,municipal,No,No,No
Kelowna,BC,49.8159826,-119.4931184,1324900.0,4.0,3.0,0.23,Single Family,3315.0,Yes,No,Finished,Brick,Yes,forced air,carpet,asphalt,No,municipal,No,No,No
West Kelowna,BC,49.8765722,-119.5630613,954000.0,5.0,3.0,0.19,Single Family,2531.0,Yes,No,Finished,Concrete,Yes,forced air,carpet,asphalt,No,municipal,No,No,No
West Kelowna,BC,49.853981,-119.6036911,1199000.0,5.0,4.0,0.26,Single Family,3480.0,Yes,No,Finished,Composite,Yes,forced air,wood,asphalt,No,municipal,No,No,No
West Kelowna,BC,49.8643991,-119.599198,1049000.0,5.0,3.0,0.1,Single Family,3481.0,Yes,No,Finished,Concrete,Yes,forced air,wood,asphalt,No,municipal,No,No,No
West Kelowna,BC,49.8664133,-119.6178168,1399900.0,5.0,4.0,0.13,Single Family,3748.0,Yes,No,Finished,Composite,Yes,forced air,carpet,asphalt,No,municipal,No,No,No
West Kelowna,BC,49.8362797,-119.5834542,1549000.0,5.0,3.0,0.24,Single Family,3405.0,Yes,No,Finished,Concrete,Yes,forced air,carpet,asphalt,No,municipal,No,No,No
Kelowna,BC,49.9256118,-119.4699621,1488765.0,4.0,4.0,0.39,Single Family,3583.0,Yes,No,Finished,Wood,Yes,forced air,carpet,asphalt,No,septic,No,No,No
Kelowna,BC,49.8716619,-119.3545239,989000.0,4.0,3.0,0.16,Single Family,2902.0,Yes,No,Finished,Vinyl,Yes,forced air,wood,asphalt,No,municipal,No,No,No
Kelowna,BC,49.9188839,-119.4617859,1225000.0,4.0,3.0,0.16,Single Family,3164.0,Yes,No,Finished,Composite,Yes,alt heat,carpet,asphalt,No,municipal,No,No,No
Kelowna,BC,49.8207672,-119.4818615,849999.0,4.0,3.0,0.21,Single Family,2605.0,Yes,Yes,Finished,Concrete,Yes,forced air,carpet,asphalt,No,municipal,No,No,No
Kelowna,BC,49.8411792,-119.3824139,1179000.0,4.0,4.0,0.15,Single Family,3599.0,Yes,No,Finished,Concrete,Yes,forced air,carpet,asphalt,No,municipal,No,No,No
Kelowna,BC,49.9081772,-119.3410921,858000.0,3.0,4.0,0.22,Single Family,2175.0,Yes,No,Finished,Composite,Yes,forced air,carpet,asphalt,No,municipal,No,No,No
West Kelowna,BC,49.8502588,-119.6088969,1299900.0,5.0,3.0,0.15,Single Family,3098.0,Yes,No,Finished,Brick,Yes,forced air,carpet,asphalt,No,municipal,No,No,No
West Kelowna,BC,49.8398098,-119.6186367,609500.0,2.0,2.0,0.1,Single Family,1465.0,Yes,No,No basement,Concrete,Yes,forced air,laminate,asphalt,No,municipal,No,No,No
West Kelowna,BC,49.8777207,-119.5579441,1299900.0,5.0,3.0,0.18,Single Family,2776.0,Yes,No,Finished,Concrete,Yes,forced air,wood,asphalt,No,municipal,No,No,No
Kelowna,BC,49.845748,-119.4102419,1935000.0,7.0,6.0,2.1,Single Family,4899.0,Yes,No,Partial,Brick,Yes,forced air,carpet,asphalt,No,septic,No,No,No
Kelowna,BC,49.8139143,-119.4727327,1198000.0,5.0,3.0,0.21,Single Family,2628.0,Yes,No,Finished,Brick,Yes,forced air,carpet,asphalt,No,municipal,No,No,No
West Kelowna,BC,49.8799057,-119.5480423,1499000.0,5.0,6.0,0.16,Single Family,4203.0,Yes,No,Finished,Concrete,Yes,forced air,wood,shingle,No,municipal,No,No,No
West Kelowna,BC,49.845991,-119.5500085,1999500.0,4.0,4.0,0.18,Single Family,3380.0,Yes,No,Finished,Composite,Yes,forced air,carpet,asphalt,No,municipal,No,No,No
Kelowna,BC,49.891139,-119.4080516,1916000.0,3.0,1.0,0.36,Single Family,2527.0,Yes,No,Finished,Concrete,No,forced air,carpet,asphalt,No,municipal,No,No,No
Kelowna,BC,49.8913525,-119.408061,1916000.0,2.0,1.0,0.36,Single Family,2046.0,Yes,No,Finished,Concrete,No,forced air,wood,asphalt,No,municipal,No,No,No
West Kelowna,BC,49.8446459,-119.6679089,749000.0,4.0,2.0,0.22,Single Family,2008.0,Yes,No,Finished,Metal,No,forced air,tile,asphalt,No,septic,No,No,No
Kelowna,BC,49.868838,-119.4895142,849800.0,3.0,2.0,0.17,Single Family,2388.0,Yes,No,Finished,Concrete,No,forced air,carpet,asphalt,No,municipal,No,No,No
Kelowna,BC,49.8859718,-119.3511845,1850000.0,4.0,4.0,0.21,Single Family,4575.0,Yes,Yes,Finished,Concrete,Yes,forced air,carpet,asphalt,No,municipal,No,No,No
Kelowna,BC,49.809722,-119.4581388,1175000.0,4.0,3.0,0.41,Single Family,2332.0,Yes,No,No basement,Wood,Yes,forced air,wood,asphalt,No,septic,No,No,No
Kelowna,BC,49.8751604,-119.4893788,1499900.0,3.0,3.0,0.18,Single Family,2120.0,No,No,No basement,Vinyl,Yes,heat pump,carpet,asphalt,No,municipal,No,No,No
West Kelowna,BC,49.8444595,-119.5819778,2225000.0,5.0,5.0,0.26,Single Family,4562.0,Yes,No,Finished,Concrete,No,forced air,wood,asphalt,No,municipal,No,No,No
Kelowna,BC,49.9200893,-119.4477703,1079000.0,5.0,3.0,0.16,Single Family,2919.0,Yes,No,Finished,Concrete,Yes,forced air,carpet,tar,No,municipal,No,No,No
West Kelowna,BC,49.8286836,-119.6061408,1049900.0,3.0,3.0,0.0,Single Family,2849.0,Yes,No,Finished,Concrete,No,forced air,wood,asphalt,No,municipal,No,No,No
West Kelowna,BC,49.858048,-119.5448838,1995000.0,6.0,5.0,0.39,Single Family,5167.0,Yes,No,Finished,Concrete,Yes,forced air,wood,asphalt,No,municipal,No,No,No
Kelowna,BC,49.8439139,-119.465162,3775000.0,6.0,5.0,7.48,Single Family,4135.0,Yes,No,No basement,Concrete,No,forced air,carpet,asphalt,No,septic,No,No,No
Kelowna,BC,49.8907013,-119.4572144,1209000.0,4.0,3.0,0.24,Single Family,2176.0,Yes,Yes,Finished,Wood,No,forced air,tile,asphalt,No,municipal,No,No,No
West Kelowna,BC,49.8662554,-119.620001,1999800.0,4.0,4.0,0.56,Single Family,4398.0,Yes,Yes,Finished,Metal,Yes,forced air,wood,asphalt,No,municipal,No,No,No
Kelowna,BC,49.8821754,-119.4802933,1995000.0,2.0,2.0,0.38,Single Family,4008.0,No,No,Finished,Concrete,No,radiant,carpet,asphalt,No,municipal,No,No,No
West Kelowna,BC,49.8889732,-119.5354691,1079999.0,4.0,3.0,0.06,Single Family,2027.0,Yes,No,Finished,Composite,No,forced air,carpet,tile,No,municipal,No,No,No
Kelowna,BC,49.9286818,-119.4508926,1724900.0,6.0,5.0,0.17,Single Family,4246.0,Yes,No,Finished,Concrete,Yes,forced air,carpet,asphalt,No,municipal,No,No,No
Kelowna,BC,49.869891,-119.3615355,1319000.0,4.0,4.0,0.16,Single Family,3270.0,Yes,No,Finished,Vinyl,Yes,forced air,wood,asphalt,No,municipal,No,No,No
Kelowna,BC,49.8706759,-119.3493624,959900.0,4.0,2.0,0.26,Single Family,1917.0,Yes,Yes,No basement,Metal,Yes,forced air,tile,asphalt,No,municipal,No,No,No
Kelowna,BC,49.8886672,-119.4624396,910000.0,5.0,2.0,0.17,Single Family,2058.0,No,No,Finished,Vinyl,No,forced air,carpet,asphalt,No,municipal,No,No,No
Kelowna,BC,49.8093733,-119.4553521,1799900.0,5.0,4.0,0.48,Single Family,5272.0,Yes,Yes,Finished,Brick,Yes,forced air,carpet,asphalt,No,septic,No,No,No
West Kelowna,BC,49.859655,-119.5758193,799000.0,4.0,2.0,0.63,Single Family,2300.0,Yes,No,Finished,Concrete,No,forced air,vinyl,asphalt,No,municipal,No,No,No
Kelowna,BC,49.8781246,-119.3447903,1591000.0,6.0,4.0,0.29,Single Family,3909.0,Yes,No,Finished,Brick,Yes,forced air,carpet,asphalt,No,municipal,No,No,No
Kelowna,BC,49.8798962,-119.4960878,1249900.0,4.0,4.0,0.19,Single Family,2119.0,Yes,No,Finished,Metal,Yes,forced air,tile,asphalt,No,municipal,No,No,No
Kelowna,BC,49.8193942,-119.4963565,1749000.0,5.0,3.0,0.23,Single Family,3452.0,Yes,No,No basement,Concrete,Yes,forced air,carpet,asphalt,No,municipal,No,No,No
Kelowna,BC,49.8700256,-119.3629834,1100000.0,6.0,3.0,0.16,Single Family,2600.0,Yes,No,Finished,Composite,Yes,forced air,carpet,asphalt,No,municipal,No,No,No
Kelowna,BC,49.8620949,-119.4629898,1124900.0,3.0,3.0,0.11,Single Family,2708.0,Yes,No,Finished,Concrete,Yes,forced air,carpet,asphalt,No,municipal,No,No,No
West Kelowna,BC,49.846153,-119.5694398,1895000.0,4.0,4.0,0.36,Single Family,3967.0,No,No,Finished,Brick,Yes,forced air,carpet,asphalt,No,municipal,No,No,No
Kelowna,BC,49.8614403,-119.4630064,969900.0,2.0,2.0,0.11,Single Family,1417.0,Yes,No,No basement,Concrete,Yes,forced air,carpet,asphalt,No,municipal,No,No,No
Kelowna,BC,49.9252219,-119.4389939,1399000.0,5.0,3.0,0.38,Single Family,2864.0,Yes,No,Finished,Concrete,No,forced air,laminate,asphalt,No,municipal,No,No,No
West Kelowna,BC,49.8194999,-119.6221105,1549900.0,4.0,4.0,0.15,Single Family,2996.0,Yes,No,Finished,Concrete,Yes,forced air,carpet,asphalt,No,municipal,No,No,No
West Kelowna,BC,49.8934926,-119.5537982,1225000.0,4.0,4.0,0.34,Single Family,2955.0,Yes,No,Finished,Concrete,No,forced air,carpet,asphalt,No,municipal,No,No,No
West Kelowna,BC,49.8140575,-119.6264087,1088800.0,5.0,3.0,0.12,Single Family,2713.0,Yes,No,Finished,Vinyl,Yes,forced air,wood,asphalt,No,municipal,No,No,No
Kelowna,BC,49.9011612,-119.4856033,1250000.0,4.0,3.0,0.15,Single Family,2786.0,Yes,No,Finished,Concrete,Yes,forced air,wood,asphalt,No,municipal,No,No,No
Kelowna,BC,49.9006201,-119.4924733,874900.0,2.0,1.0,0.14,Single Family,754.0,No,No,No basement,Wood,Yes,radiant,wood,asphalt,No,municipal,No,No,No
West Kelowna,BC,49.8705755,-119.6121494,999999.0,5.0,3.0,0.3,Single Family,2479.0,Yes,No,Finished,Vinyl,Yes,forced air,carpet,asphalt,No,municipal,No,No,No
Kelowna,BC,49.855863,-119.3612444,1349000.0,7.0,5.0,0.19,Single Family,3950.0,Yes,No,Finished,Composite,Yes,forced air,carpet,asphalt,No,municipal,No,No,No
Kelowna,BC,49.8407064,-119.3863777,1055000.0,3.0,3.0,0.2,Single Family,2140.0,Yes,No,No basement,Concrete,Yes,forced air,wood,asphalt,No,municipal,No,No,No
West Kelowna,BC,49.8748348,-119.5475461,720000.0,4.0,4.0,0.07,Single Family,2081.0,Yes,No,Finished,Vinyl,No,forced air,carpet,asphalt,No,municipal,No,No,No
Kelowna,BC,49.8781748,-119.4833547,949999.0,3.0,2.0,0.21,Single Family,2292.0,Yes,No,No basement,Vinyl,Yes,forced air,wood,asphalt,No,municipal,No,No,No
West Kelowna,BC,49.8649816,-119.5998424,989500.0,4.0,3.0,0.11,Single Family,2797.0,Yes,No,Finished,Concrete,Yes,forced air,carpet,asphalt,No,municipal,No,No,No
Kelowna,BC,49.8571129,-119.4815979,975000.0,3.0,3.0,0.19,Single Family,2037.0,Yes,No,No basement,Brick,Yes,forced air,carpet,asphalt,No,municipal,No,No,No
Kelowna,BC,49.9028894,-119.4253228,909000.0,5.0,3.0,0.23,Single Family,2542.0,Yes,No,Finished,Wood,Yes,forced air,wood,asphalt,No,municipal,No,No,No
West Kelowna,BC,49.8334921,-119.6311986,1199000.0,3.0,3.0,0.8,Single Family,2075.0,No,No,Partial,Wood,Yes,forced air,carpet,asphalt,No,septic,No,No,No
Kelowna,BC,49.8712118,-119.3606165,1349900.0,6.0,4.0,0.14,Single Family,4340.0,Yes,No,Finished,Composite,Yes,forced air,carpet,asphalt,No,municipal,No,No,No
Kelowna,BC,49.9415989,-119.4375713,1299900.0,5.0,4.0,0.18,Single Family,3395.0,Yes,No,Finished,Composite,Yes,forced air,carpet,asphalt,No,municipal,No,No,No
Kelowna,BC,49.8457685,-119.4821772,694500.0,2.0,2.0,0.08,Single Family,1193.0,Yes,No,No basement,Concrete,Yes,forced air,carpet,asphalt,No,municipal,No,No,No
West Kelowna,BC,49.8525201,-119.628459,1315000.0,3.0,3.0,0.26,Single Family,3165.0,Yes,Yes,Finished,Brick,Yes,forced air,carpet,asphalt,No,municipal,No,No,No
Kelowna,BC,49.9512062,-119.3613892,2799995.0,9.0,5.0,5.07,Single Family,6600.0,Yes,No,Finished,Concrete,Yes,forced air,carpet,asphalt,No,septic,No,No,No
Kelowna,BC,49.8686075,-119.4739206,699900.0,2.0,2.0,0.11,Single Family,1401.0,Yes,No,No basement,Concrete,No,forced air,tile,asphalt,No,municipal,No,No,No
Kelowna,BC,49.825091,-119.484193,1640000.0,5.0,5.0,0.16,Single Family,4059.0,Yes,No,Finished,Concrete,Yes,forced air,tile,asphalt,No,municipal,No,No,No
Kelowna,BC,49.8856992,-119.3515404,1599900.0,4.0,3.0,0.21,Single Family,3243.0,Yes,No,Finished,Concrete,Yes,forced air,wood,asphalt,No,municipal,No,No,No
West Kelowna,BC,49.8454852,-119.5820019,1695000.0,4.0,6.0,0.17,Single Family,4727.0,Yes,No,Finished,Concrete,Yes,forced air,carpet,asphalt,No,municipal,No,No,No
Kelowna,BC,49.8548714,-119.4788509,1250000.0,4.0,4.0,0.15,Single Family,2003.0,Yes,Yes,No basement,Brick,Yes,forced air,tile,asphalt,No,municipal,No,No,No
Kelowna,BC,49.819722,-119.4809944,1199000.0,6.0,3.0,0.35,Single Family,2462.0,No,No,Finished,Brick,Yes,forced air,carpet,asphalt,No,municipal,No,No,No
Kelowna,BC,49.9235392,-119.4661682,2458000.0,4.0,4.0,0.24,Single Family,4669.0,Yes,No,Finished,Brick,Yes,forced air,wood,asphalt,No,municipal,No,No,No
Kelowna,BC,49.8749312,-119.3615179,1999999.0,6.0,5.0,0.27,Single Family,5101.0,Yes,Yes,Finished,Concrete,Yes,forced air,carpet,asphalt,No,none,No,No,No
Kelowna,BC,49.8320133,-119.4365578,5100000.0,4.0,5.0,9.56,Single Family,5448.0,Yes,No,Finished,Composite,Yes,forced air,carpet,asphalt,No,septic,No,No,No
Kelowna,BC,49.8187675,-119.4702749,2388000.0,4.0,6.0,0.5,Single Family,4014.0,Yes,No,Finished,Brick,Yes,forced air,wood,asphalt,No,municipal,No,No,No
West Kelowna,BC,49.8190641,-119.6226972,1999000.0,3.0,3.0,0.15,Single Family,2558.0,Yes,No,Finished,Metal,Yes,forced air,wood,metal,No,municipal,No,No,No
Kelowna,BC,49.9198487,-119.4599161,1349000.0,5.0,4.0,0.81,Single Family,3646.0,Yes,No,Finished,Concrete,Yes,forced air,tile,asphalt,No,municipal,No,No,No
Kelowna,BC,49.8830583,-119.3506463,1549000.0,5.0,4.0,0.24,Single Family,4602.0,Yes,No,Finished,Concrete,Yes,forced air,carpet,asphalt,No,municipal,No,No,No
West Kelowna,BC,49.8468212,-119.6184417,359000.0,2.0,2.0,0.0,Single Family,1116.0,Yes,No,No basement,Composite,Yes,forced air,carpet,asphalt,No,municipal,No,No,No
Kelowna,BC,49.871997,-119.4903662,1575000.0,4.0,2.0,0.18,Single Family,2649.0,Yes,No,No basement,Concrete,Yes,forced air,laminate,asphalt,No,municipal,No,No,No
West Kelowna,BC,49.8777214,-119.5582465,1295000.0,4.0,3.0,0.17,Single Family,3326.0,Yes,No,Finished,Concrete,Yes,forced air,carpet,asphalt,No,municipal,No,No,No
Kelowna,BC,49.8898406,-119.4766096,1250000.0,3.0,3.0,0.15,Single Family,2024.0,Yes,No,Partial,Concrete,No,forced air,carpet,asphalt,No,municipal,No,No,No
Kelowna,BC,49.8385856,-119.3928679,1299999.0,5.0,3.0,0.4,Single Family,3309.0,Yes,No,Finished,Concrete,Yes,forced air,carpet,asphalt,No,septic,No,No,No
West Kelowna,BC,49.8523202,-119.5460617,1249999.0,3.0,3.0,0.21,Single Family,3290.0,Yes,No,Finished,Concrete,Yes,forced air,carpet,asphalt,No,municipal,No,No,No
Kelowna,BC,49.8838272,-119.3978653,849999.0,5.0,2.0,0.18,Single Family,1900.0,Yes,No,Finished,Concrete,No,forced air,tile,asphalt,No,municipal,No,No,No
West Kelowna,BC,49.839049,-119.5832255,1295000.0,4.0,3.0,0.26,Single Family,3280.0,Yes,No,Finished,Concrete,No,forced air,carpet,asphalt,No,municipal,No,No,No
West Kelowna,BC,49.8402408,-119.6055866,598000.0,2.0,2.0,0.1,Single Family,1488.0,Yes,No,No basement,Composite,Yes,forced air,carpet,asphalt,No,municipal,No,No,No
West Kelowna,BC,49.8480148,-119.5790787,2499000.0,5.0,5.0,0.19,Single Family,4116.0,Yes,No,Finished,Wood,Yes,forced air,wood,asphalt,No,municipal,No,No,No
West Kelowna,BC,49.8416519,-119.5798111,2700000.0,4.0,5.0,0.45,Single Family,5105.0,Yes,No,Finished,Concrete,Yes,forced air,wood,asphalt,No,municipal,No,No,No
West Kelowna,BC,49.860681,-119.5610364,1199000.0,3.0,2.0,0.39,Single Family,1701.0,Yes,No,No basement,Concrete,Yes,forced air,carpet,asphalt,No,municipal,No,No,No
Kelowna,BC,49.8665652,-119.4343421,1950000.0,6.0,5.0,1.79,Single Family,3638.0,Yes,No,Finished,Brick,No,radiant,carpet,asphalt,No,septic,No,No,No
West Kelowna,BC,49.8269577,-119.6582642,1225900.0,4.0,4.0,0.13,Single Family,3388.0,Yes,No,Finished,Metal,Yes,forced air,carpet,shingle,No,municipal,No,No,No
West Kelowna,BC,49.8272324,-119.6583405,1285900.0,4.0,4.0,0.16,Single Family,3359.0,Yes,No,Finished,Concrete,Yes,forced air,carpet,asphalt,No,municipal,No,No,No
Kelowna,BC,49.8957115,-119.4714932,1049000.0,3.0,3.0,0.21,Single Family,2188.0,Yes,Yes,No basement,Vinyl,No,forced air,carpet,asphalt,No,municipal,No,No,No
West Kelowna,BC,49.8480699,-119.6044081,879000.0,4.0,3.0,0.17,Single Family,2224.0,Yes,No,Finished,Vinyl,No,forced air,carpet,asphalt,No,municipal,No,No,No
West Kelowna,BC,49.8273849,-119.6583405,1275900.0,4.0,3.0,0.16,Single Family,2460.0,Yes,No,Finished,Concrete,No,forced air,carpet,asphalt,No,municipal,No,No,No
West Kelowna,BC,49.8266983,-119.6588516,929900.0,4.0,4.0,0.1,Single Family,2624.0,Yes,No,Finished,Concrete,No,forced air,carpet,asphalt,No,municipal,No,No,No
West Kelowna,BC,49.8328749,-119.6630446,784900.0,4.0,3.0,0.22,Single Family,1911.0,Yes,No,Finished,Concrete,No,forced air,carpet,asphalt,No,municipal,No,No,No
Kelowna,BC,49.8208743,-119.4944666,2298000.0,6.0,4.0,0.13,Single Family,4568.0,Yes,No,Finished,Metal,Yes,forced air,carpet,other,No,municipal,No,No,No
Kelowna,BC,49.8721303,-119.4725044,775000.0,2.0,2.0,0.1,Single Family,1369.0,Yes,No,No basement,Vinyl,Yes,forced air,carpet,asphalt,No,municipal,No,No,No
Kelowna,BC,49.8270001,-119.4971949,8798000.0,6.0,7.0,0.63,Single Family,7855.0,Yes,No,Finished,Concrete,Yes,forced air,carpet,tile,No,municipal,No,No,No
Kelowna,BC,49.9302268,-119.4658534,1599000.0,4.0,4.0,1.98,Single Family,2628.0,Yes,No,Partial,Composite,Yes,alt heat,carpet,asphalt,No,municipal,No,No,No
Kelowna,BC,49.8779488,-119.3889465,859999.0,6.0,3.0,0.18,Single Family,2048.0,No,No,Finished,Concrete,No,forced air,vinyl,asphalt,No,municipal,No,No,No
Kelowna,BC,49.877962,-119.3886861,839999.0,6.0,2.0,0.18,Single Family,2047.0,Yes,No,Finished,Brick,No,forced air,laminate,asphalt,No,municipal,No,No,No
Kelowna,BC,49.8620921,-119.4739567,2499000.0,1.0,1.0,0.33,Single Family,1900.0,Yes,No,Finished,Concrete,No,forced air,carpet,asphalt,No,municipal,No,No,No
Kelowna,BC,49.9014308,-119.4286067,1129900.0,5.0,3.0,0.21,Single Family,3328.0,Yes,No,Finished,Concrete,Yes,forced air,carpet,asphalt,No,municipal,No,No,No
Kelowna,BC,49.8908768,-119.4818954,699900.0,3.0,1.0,0.09,Single Family,1299.0,Yes,No,No basement,Wood,No,forced air,tile,asphalt,No,municipal,No,No,No
Kelowna,BC,49.8815994,-119.4058456,899999.0,5.0,3.0,0.22,Single Family,2264.0,Yes,No,Finished,Concrete,Yes,forced air,tile,asphalt,No,municipal,No,No,No
Kelowna,BC,49.8765869,-119.4865211,1199888.0,2.0,1.0,0.14,Single Family,1505.0,No,No,Finished,Concrete,No,forced air,carpet,asphalt,No,municipal,No,No,No
Kelowna,BC,49.8899792,-119.4572064,779900.0,2.0,2.0,0.1,Single Family,1935.0,Yes,No,Partial,Vinyl,Yes,forced air,carpet,asphalt,No,municipal,No,No,No
Kelowna,BC,49.9430312,-119.4378151,1950000.0,5.0,4.0,0.24,Single Family,3915.0,Yes,No,Finished,Composite,Yes,forced air,carpet,asphalt,No,municipal,No,No,No
Kelowna,BC,49.8573323,-119.482819,995500.0,3.0,2.0,0.12,Single Family,1491.0,Yes,No,No basement,Vinyl,Yes,forced air,wood,asphalt,No,municipal,No,No,No
West Kelowna,BC,49.8477898,-119.5812759,2295000.0,4.0,4.0,0.26,Single Family,3608.0,Yes,No,No basement,Concrete,No,forced air,tile,asphalt,No,municipal,No,No,No
Kelowna,BC,49.8138962,-119.4736099,1199990.0,4.0,4.0,0.21,Single Family,3291.0,No,No,No basement,Brick,Yes,forced air,carpet,asphalt,No,municipal,No,No,No
Kelowna,BC,49.898238,-119.4341517,1350000.0,5.0,3.0,0.23,Single Family,3926.0,Yes,No,Finished,Concrete,Yes,forced air,carpet,asphalt,No,municipal,No,No,No
West Kelowna,BC,49.839736,-119.638897,752000.0,4.0,3.0,0.07,Single Family,2205.0,Yes,No,No basement,Composite,Yes,forced air,carpet,asphalt,No,municipal,No,No,No
Kelowna,BC,49.8966626,-119.4589201,925000.0,5.0,2.0,0.22,Single Family,1943.0,No,No,Finished,Concrete,Yes,forced air,tile,asphalt,No,municipal,No,No,No
West Kelowna,BC,49.8243219,-119.5865721,1650000.0,4.0,3.0,0.19,Single Family,2612.0,No,No,No basement,Wood,Yes,forced air,carpet,tar,No,municipal,No,No,No
Kelowna,BC,49.8357516,-119.487847,4695000.0,4.0,5.0,0.4,Single Family,4560.0,Yes,No,No basement,Concrete,Yes,forced air,carpet,asphalt,No,municipal,No,No,No
West Kelowna,BC,49.8288443,-119.6596294,1199900.0,4.0,3.0,0.22,Single Family,2605.0,Yes,No,Finished,Metal,No,forced air,carpet,other,No,municipal,No,No,No
Kelowna,BC,49.8929154,-119.4823637,825000.0,3.0,2.0,0.1,Single Family,1312.0,No,No,No basement,Concrete,Yes,radiant,carpet,asphalt,No,municipal,No,No,No
Kelowna,BC,49.9245902,-119.4565722,1775000.0,4.0,4.0,0.14,Single Family,3076.0,Yes,No,Finished,Concrete,Yes,forced air,tile,asphalt,No,municipal,No,No,No
West Kelowna,BC,49.8407042,-119.6039304,724900.0,3.0,2.0,0.09,Single Family,1537.0,Yes,No,No basement,Composite,Yes,forced air,carpet,asphalt,No,municipal,No,No,No
West Kelowna,BC,49.83526,-119.57971,1375000.0,4.0,4.0,0.27,Single Family,4284.0,Yes,No,Finished,Concrete,Yes,forced air,carpet,asphalt,No,municipal,No,No,No
West Kelowna,BC,49.8315858,-119.6599435,759000.0,3.0,3.0,0.12,Single Family,2441.0,Yes,No,Finished,Vinyl,Yes,forced air,carpet,asphalt,No,municipal,No,No,No
Kelowna,BC,49.8774916,-119.3534683,1594900.0,5.0,5.0,0.18,Single Family,4138.0,Yes,No,Finished,Concrete,Yes,forced air,wood,other,No,municipal,No,No,No
Kelowna,BC,49.8773236,-119.3534552,1644900.0,6.0,5.0,0.18,Single Family,4429.0,Yes,No,Finished,Concrete,Yes,forced air,wood,asphalt,No,municipal,No,No,No
Kelowna,BC,49.8289299,-119.4759674,1879000.0,5.0,5.0,0.17,Single Family,3983.0,Yes,No,Finished,Concrete,Yes,forced air,carpet,asphalt,No,municipal,No,No,No
Kelowna,BC,49.8312062,-119.4096207,3099000.0,8.0,5.0,16.43,Single Family,4058.0,Yes,No,No basement,Brick,Yes,forced air,carpet,asphalt,No,septic,No,No,No
Kelowna,BC,49.8739306,-119.3568676,2299000.0,4.0,4.0,0.21,Single Family,3806.0,Yes,No,Finished,Concrete,Yes,forced air,carpet,asphalt,No,municipal,No,No,No
Westbank,BC,49.8400154,-119.6006165,779000.0,5.0,4.0,0.08,Single Family,2416.0,Yes,No,Finished,Brick,Yes,forced air,carpet,asphalt,No,municipal,No,No,No
Kelowna,BC,49.8816897,-119.4932177,1034900.0,3.0,2.0,0.22,Single Family,2083.0,Yes,No,Partial,Concrete,Yes,forced air,wood,asphalt,No,municipal,No,No,No
Kelowna,BC,49.8684597,-119.490479,1700000.0,5.0,4.0,0.18,Single Family,2344.0,Yes,No,No basement,Concrete,Yes,forced air,wood,asphalt,No,municipal,No,No,No
West Kelowna,BC,49.824958,-119.6167205,6500000.0,9.0,9.0,12.68,Single Family,5718.0,Yes,No,Finished,Concrete,Yes,radiant,carpet,asphalt,No,septic,No,No,No
West Kelowna,BC,49.889154,-119.5569822,1290000.0,4.0,4.0,0.52,Single Family,3610.0,Yes,No,Finished,Concrete,Yes,forced air,carpet,tile,No,municipal,No,No,No
West Kelowna,BC,49.8293051,-119.6323737,1048000.0,4.0,3.0,0.22,Single Family,2500.0,Yes,No,Finished,Brick,Yes,radiant,carpet,asphalt,No,municipal,No,No,No
West Kelowna,BC,49.8380399,-119.6186635,525000.0,2.0,2.0,0.09,Single Family,1084.0,Yes,No,No basement,Concrete,Yes,forced air,tile,asphalt,No,municipal,No,No,No
West Kelowna,BC,49.8330308,-119.5727655,3890000.0,4.0,5.0,0.15,Single Family,3785.0,Yes,No,No basement,Concrete,Yes,forced air,wood,tile,No,municipal,No,No,No
Kelowna,BC,49.8821238,-119.4723371,1888000.0,3.0,2.0,0.23,Single Family,1840.0,No,No,Finished,Concrete,Yes,radiant,carpet,asphalt,No,municipal,No,No,No
Kelowna,BC,49.8821725,-119.4726799,1888000.0,4.0,3.0,0.23,Single Family,2798.0,Yes,No,Finished,Concrete,No,boiler,wood,asphalt,No,municipal,No,No,No
Kelowna,BC,49.9094566,-119.4963279,2690000.0,4.0,4.0,0.64,Single Family,3177.0,Yes,No,Finished,Brick,Yes,forced air,carpet,tile,No,municipal,No,No,No
Kelowna,BC,49.89136,-119.4795913,1049900.0,3.0,2.0,0.18,Single Family,1769.0,Yes,No,Partial,Metal,No,forced air,wood,asphalt,No,municipal,No,No,No
Kelowna,BC,49.8578964,-119.4638111,2888000.0,2.0,2.0,0.59,Single Family,2800.0,No,No,Finished,Concrete,Yes,radiant,carpet,tar,No,septic,No,No,No
Kelowna,BC,49.8584932,-119.4637291,1725000.0,5.0,3.0,0.34,Single Family,2449.0,Yes,No,Finished,Brick,Yes,forced air,carpet,asphalt,No,septic,No,No,No
Kelowna,BC,49.8389388,-119.3842984,1114900.0,3.0,3.0,0.03,Single Family,2449.0,Yes,No,Finished,Concrete,Yes,forced air,carpet,cedar shake,No,municipal,No,No,No
Rutland,BC,49.8969188,-119.3938571,959000.0,6.0,3.0,0.28,Single Family,2460.0,No,No,Finished,Concrete,Yes,forced air,carpet,asphalt,No,municipal,No,No,No
Kelowna,BC,49.811765,-119.5013995,6498000.0,3.0,6.0,0.53,Single Family,4359.0,Yes,No,Finished,Wood,Yes,forced air,carpet,asphalt,No,septic,No,No,No
Kelowna,BC,49.8547363,-119.4863892,1099900.0,5.0,2.0,0.2,Single Family,2172.0,Yes,No,Finished,Concrete,Yes,forced air,tile,asphalt,No,municipal,No,No,No
West Kelowna,BC,49.8830073,-119.5485227,1990000.0,6.0,4.0,0.23,Single Family,5082.0,Yes,No,Finished,Concrete,Yes,forced air,carpet,other,No,municipal,No,No,No
Kelowna,BC,49.9035074,-119.3600923,2750000.0,4.0,5.0,5.07,Single Family,4318.0,Yes,No,No basement,Brick,Yes,forced air,carpet,cedar shake,No,septic,No,No,No
Kelowna,BC,49.8803369,-119.5019322,3200000.0,7.0,6.0,0.31,Single Family,5065.0,No,No,Partial,Concrete,Yes,forced air,wood,asphalt,No,municipal,No,No,No
Kelowna,BC,49.899376,-119.4911934,1099900.0,5.0,3.0,0.13,Single Family,2147.0,Yes,No,No basement,Vinyl,Yes,radiant,wood,asphalt,No,municipal,No,No,No
Kelowna,BC,49.893207,-119.3753103,1249999.0,7.0,5.0,0.16,Single Family,4320.0,Yes,No,Finished,Concrete,Yes,forced air,carpet,asphalt,No,municipal,No,No,No
Kelowna,BC,49.8620384,-119.4747645,1549000.0,5.0,2.0,0.17,Single Family,1899.0,Yes,No,Finished,Concrete,Yes,forced air,tile,asphalt,No,municipal,No,No,No
Kelowna,BC,49.8397028,-119.3846576,969900.0,2.0,2.0,0.13,Single Family,1529.0,Yes,No,No basement,Concrete,Yes,forced air,wood,asphalt,No,municipal,No,No,No
Kelowna,BC,49.88007,-119.4992952,1690000.0,3.0,3.0,0.17,Single Family,1486.0,Yes,No,No basement,Concrete,Yes,forced air,wood,asphalt,No,municipal,No,No,No
Kelowna,BC,49.872901,-119.4866051,799000.0,3.0,1.0,0.12,Single Family,760.0,No,No,No basement,Concrete,No,radiant,wood,asphalt,No,municipal,No,No,No
Kelowna,BC,49.9239944,-119.4661011,2595000.0,5.0,5.0,0.26,Single Family,5303.0,Yes,No,Finished,Concrete,Yes,heat pump,carpet,asphalt,No,municipal,No,No,No
Kelowna,BC,49.89079,-119.4881378,1075000.0,3.0,2.0,0.13,Single Family,1671.0,Yes,No,Finished,Concrete,No,forced air,carpet,asphalt,No,municipal,No,No,No
Kelowna,BC,49.8402526,-119.4041818,1595000.0,4.0,3.0,2.05,Single Family,3145.0,Yes,No,Finished,Composite,Yes,forced air,wood,asphalt,No,septic,No,No,No
Kelowna,BC,49.8707134,-119.4850202,949000.0,3.0,2.0,0.0,Single Family,1780.0,Yes,No,No basement,Concrete,No,radiant,wood,asphalt,No,municipal,No,No,No
Westbank,BC,49.8886185,-119.5383606,1029000.0,3.0,3.0,0.08,Single Family,2308.0,Yes,No,Finished,Concrete,Yes,forced air,carpet,asphalt,No,municipal,No,No,No
West Kelowna,BC,49.8285065,-119.6276703,1500000.0,4.0,2.0,0.17,Single Family,2060.0,Yes,No,Finished,Concrete,No,radiant,wood,asphalt,No,municipal,No,No,No
West Kelowna,BC,49.8415631,-119.6008132,645000.0,2.0,2.0,0.02,Single Family,1370.0,Yes,No,Finished,Composite,Yes,forced air,carpet,asphalt,No,municipal,No,No,No
Kelowna,BC,49.8594302,-119.4185999,1999900.0,6.0,6.0,1.02,Single Family,4709.0,Yes,No,Finished,Concrete,Yes,forced air,carpet,asphalt,No,septic,No,No,No
Kelowna,BC,49.9008089,-119.4275899,1450000.0,5.0,4.0,0.29,Single Family,4083.0,Yes,No,Finished,Brick,Yes,forced air,wood,asphalt,No,municipal,No,No,No
West Kelowna,BC,49.8641385,-119.6238612,1299900.0,5.0,3.0,0.27,Single Family,3026.0,Yes,No,Finished,Brick,Yes,forced air,carpet,asphalt,No,municipal,No,No,No
Kelowna,BC,49.8773523,-119.4718705,1199000.0,5.0,3.0,0.13,Single Family,3152.0,Yes,No,Finished,Brick,No,forced air,carpet,asphalt,No,municipal,No,No,No
Kelowna,BC,49.8731701,-119.4838758,1450000.0,4.0,2.0,0.21,Single Family,2145.0,Yes,No,Finished,Brick,Yes,forced air,vinyl,asphalt,No,municipal,No,No,No
Kelowna,BC,49.8850482,-119.4801801,3676000.0,5.0,5.0,0.27,Single Family,4052.0,Yes,No,Partial,Brick,Yes,forced air,wood,asphalt,No,municipal,No,No,No
Kelowna,BC,49.8850351,-119.4798479,2836000.0,5.0,4.0,0.32,Single Family,3149.0,Yes,No,Partial,Brick,Yes,forced air,wood,asphalt,No,municipal,No,No,No
Kelowna,BC,49.8850326,-119.4792274,2000000.0,4.0,2.0,0.29,Single Family,2077.0,No,No,Partial,Concrete,Yes,forced air,wood,asphalt,No,municipal,No,No,No
Kelowna,BC,49.8850329,-119.4795306,4800000.0,7.0,7.0,0.27,Single Family,8432.0,Yes,No,Finished,Wood,Yes,forced air,tile,asphalt,No,municipal,No,No,No
Kelowna,BC,49.8875949,-119.4029597,1099000.0,5.0,2.0,0.3,Single Family,2300.0,Yes,No,Finished,Wood,Yes,heat pump,carpet,asphalt,No,municipal,No,No,No
Kelowna,BC,49.9244881,-119.4578018,1565000.0,5.0,3.0,0.17,Single Family,3058.0,Yes,No,Finished,Composite,Yes,forced air,carpet,asphalt,No,municipal,No,No,No
Kelowna,BC,49.9217086,-119.439296,1099999.0,5.0,5.0,0.11,Single Family,2742.0,Yes,No,Finished,Concrete,Yes,forced air,laminate,asphalt,No,municipal,No,No,No
Westbank,BC,49.8382185,-119.6210617,724900.0,2.0,3.0,0.11,Single Family,2399.0,Yes,No,Finished,Concrete,Yes,forced air,carpet,asphalt,No,municipal,No,No,No
Kelowna,BC,49.8929241,-119.3932151,1199900.0,2.0,1.0,0.18,Single Family,1160.0,Yes,No,No basement,Composite,No,radiant,carpet,asphalt,No,municipal,No,No,No
Kelowna,BC,49.8938933,-119.3889983,875000.0,3.0,2.0,0.18,Single Family,1418.0,No,No,No basement,Composite,No,forced air,carpet,asphalt,No,municipal,No,No,No
Kelowna,BC,49.8283272,-119.4766922,1424900.0,4.0,4.0,0.14,Single Family,3085.0,Yes,No,Finished,Metal,Yes,forced air,carpet,asphalt,No,municipal,No,No,No
Kelowna,BC,49.925094,-119.4208494,1085000.0,5.0,3.0,0.29,Single Family,2352.0,No,Yes,Finished,Vinyl,No,forced air,tile,asphalt,No,septic,No,No,No
Kelowna,BC,49.8185869,-119.4231906,5498000.0,6.0,3.0,4.94,Single Family,6738.0,Yes,No,Finished,Composite,Yes,forced air,carpet,asphalt,No,septic,No,No,No
West Kelowna,BC,49.8257268,-119.5836362,1548000.0,5.0,3.0,0.21,Single Family,2971.0,Yes,No,No basement,Wood,Yes,forced air,carpet,asphalt,No,municipal,No,No,No
Kelowna,BC,49.8385264,-119.3932846,1674900.0,5.0,4.0,0.4,Single Family,3360.0,Yes,No,Finished,Concrete,Yes,forced air,carpet,asphalt,No,septic,No,No,No
Kelowna,BC,49.8909537,-119.4091412,929000.0,4.0,3.0,0.17,Single Family,2352.0,Yes,No,Finished,Vinyl,No,radiant,laminate,asphalt,No,municipal,No,No,No
Kelowna,BC,49.8360058,-119.4884412,5999999.0,5.0,5.0,0.51,Single Family,5227.0,Yes,No,No basement,Brick,Yes,forced air,wood,asphalt,No,municipal,No,No,No
Kelowna,BC,49.8334274,-119.3816528,925000.0,3.0,2.0,0.15,Single Family,1703.0,Yes,No,No basement,Concrete,Yes,forced air,carpet,asphalt,No,municipal,No,No,No
West Kelowna,BC,49.8621623,-119.5556237,1075000.0,5.0,3.0,0.19,Single Family,2430.0,Yes,No,Finished,Concrete,Yes,forced air,carpet,asphalt,No,municipal,No,No,No
Kelowna,BC,49.8730667,-119.4878061,1776000.0,4.0,2.0,0.15,Single Family,2048.0,Yes,No,Finished,Concrete,No,forced air,carpet,asphalt,No,municipal,No,No,No
Kelowna,BC,49.8729183,-119.487807,1948000.0,3.0,1.0,0.18,Single Family,1020.0,Yes,No,No basement,Concrete,No,forced air,carpet,asphalt,No,municipal,No,No,No
Kelowna,BC,49.927807,-119.471512,15950000.0,5.0,7.0,2.11,Single Family,10568.0,Yes,No,Finished,Concrete,Yes,forced air,carpet,metal,No,municipal,No,No,No
Kelowna,BC,49.8198974,-119.4936574,4495000.0,6.0,7.0,0.75,Single Family,8415.0,Yes,No,Finished,Brick,Yes,forced air,carpet,asphalt,No,municipal,No,No,No
Kelowna,BC,49.8940697,-119.3889181,974900.0,5.0,2.0,0.18,Single Family,1800.0,Yes,No,Finished,Vinyl,No,forced air,laminate,asphalt,No,municipal,No,No,No
Kelowna,BC,49.8638565,-119.4747194,2294500.0,4.0,3.0,0.22,Single Family,1675.0,Yes,No,Finished,Concrete,Yes,forced air,vinyl,asphalt,No,municipal,No,No,No
Kelowna,BC,49.8684578,-119.4907455,1050000.0,2.0,2.0,0.13,Single Family,1164.0,Yes,No,No basement,Concrete,No,forced air,carpet,asphalt,No,municipal,No,No,No
Kelowna,BC,49.9029714,-119.4546559,1725000.0,5.0,2.0,0.22,Single Family,2207.0,No,No,Finished,Brick,Yes,forced air,carpet,asphalt,No,municipal,No,No,No
West Kelowna,BC,49.853054,-119.650444,1248000.0,6.0,3.0,0.2,Single Family,3026.0,Yes,No,Finished,Composite,Yes,forced air,carpet,asphalt,No,municipal,No,No,No
West Kelowna,BC,49.8786964,-119.5491562,1400000.0,5.0,4.0,0.14,Single Family,3530.0,Yes,No,Finished,Concrete,Yes,forced air,carpet,other,No,municipal,No,No,No
Kelowna,BC,49.8568646,-119.4715574,900000.0,6.0,3.0,0.16,Single Family,2451.0,Yes,No,Finished,Concrete,No,forced air,tile,asphalt,No,municipal,No,No,No
Kelowna,BC,49.8742899,-119.3611082,4449800.0,7.0,6.0,0.61,Single Family,7646.0,Yes,Yes,Finished,Concrete,Yes,forced air,carpet,other,No,municipal,No,No,No
Kelowna,BC,49.8595907,-119.4637245,1489600.0,4.0,2.0,0.34,Single Family,2640.0,Yes,Yes,Finished,Concrete,Yes,forced air,tile,asphalt,No,septic,No,No,No
Kelowna,BC,49.8600807,-119.4638062,1489600.0,3.0,2.0,0.0,Single Family,1029.0,No,No,Finished,Concrete,No,forced air,laminate,asphalt,No,septic,No,No,No
Kelowna,BC,49.8938277,-119.3915464,1425000.0,3.0,1.0,0.24,Single Family,1200.0,No,No,Finished,Wood,No,forced air,carpet,tar,No,municipal,No,No,No
Kelowna,BC,49.8934419,-119.3916644,1499000.0,5.0,2.0,0.26,Single Family,2016.0,No,No,Finished,Concrete,No,radiant,carpet,asphalt,No,municipal,No,No,No
Kelowna,BC,49.893657,-119.391554,1499000.0,5.0,2.0,0.26,Single Family,2016.0,Yes,Yes,Finished,Concrete,No,radiant,carpet,asphalt,No,municipal,No,No,No
Kelowna,BC,49.8930681,-119.3915504,1399000.0,4.0,1.0,0.21,Single Family,2000.0,Yes,No,Finished,Concrete,No,forced air,carpet,asphalt,No,municipal,No,No,No
Kelowna,BC,49.9018974,-119.3874359,1350000.0,3.0,2.0,0.3,Single Family,1748.0,Yes,Yes,Partial,Wood,Yes,heat pump,carpet,asphalt,No,municipal,No,No,No
Kelowna,BC,49.8128201,-119.4927807,2200000.0,3.0,2.0,6.6,Single Family,2183.0,Yes,Yes,Finished,Wood,Yes,forced air,carpet,asphalt,No,septic,No,No,No
Kelowna,BC,49.9337622,-119.4347087,899000.0,5.0,2.0,0.11,Single Family,1808.0,No,No,Finished,Concrete,No,forced air,carpet,asphalt,No,municipal,No,No,No
Kelowna,BC,49.8653366,-119.4747028,1070000.0,2.0,2.0,0.13,Single Family,1188.0,No,No,No basement,Composite,Yes,forced air,wood,asphalt,No,municipal,No,No,No
Kelowna,BC,49.8651972,-119.474704,1070000.0,2.0,2.0,0.13,Single Family,1510.0,Yes,No,No basement,Vinyl,No,forced air,wood,asphalt,No,municipal,No,No,No
Kelowna,BC,49.8624624,-119.4739101,1799900.0,6.0,2.0,0.33,Single Family,2215.0,No,No,Finished,Concrete,No,forced air,carpet,asphalt,No,municipal,No,No,No
Kelowna,BC,49.8627365,-119.474721,1201733.0,3.0,2.0,0.13,Single Family,1616.0,Yes,Yes,Finished,Concrete,No,forced air,wood,asphalt,No,municipal,No,No,No
Kelowna,BC,49.8628082,-119.4752681,1793495.0,5.0,3.0,0.19,Single Family,1872.0,No,No,Finished,Vinyl,No,radiant,carpet,asphalt,No,municipal,No,No,No
West Kelowna,BC,49.8512454,-119.5683344,1198000.0,6.0,5.0,0.33,Single Family,3152.0,Yes,No,Finished,Composite,Yes,forced air,tile,asphalt,No,municipal,No,No,No
Lake Country,BC,50.026104,-119.4211273,1700000.0,4.0,3.0,3.56,Single Family,2724.0,Yes,No,Finished,Wood,No,forced air,tile,asphalt,No,septic,No,No,No
Lake Country,BC,50.0394059,-119.3866395,829900.0,3.0,2.0,0.27,Single Family,1938.0,Yes,No,Finished,Metal,Yes,forced air,laminate,asphalt,No,municipal,No,No,No
Kelowna,BC,49.798343,-119.4857544,1039000.0,4.0,3.0,0.19,Single Family,2620.0,Yes,No,Finished,Vinyl,Yes,forced air,carpet,asphalt,No,municipal,No,No,No
Kelowna,BC,49.8056686,-119.4870686,2299900.0,4.0,6.0,0.25,Single Family,5084.0,Yes,No,Finished,Concrete,No,forced air,carpet,asphalt,No,municipal,No,No,No
Kelowna,BC,49.8722802,-119.2066663,1299000.0,4.0,2.0,10.7,Single Family,2240.0,Yes,No,Finished,Composite,Yes,radiant,carpet,asphalt,No,septic,No,No,No
Kelowna,BC,49.7947858,-119.5030452,1499000.0,3.0,4.0,0.26,Single Family,3670.0,Yes,No,Finished,Concrete,Yes,forced air,carpet,asphalt,No,municipal,No,No,No
Peachland,BC,49.7646229,-119.751185,2300000.0,3.0,3.0,2.84,Single Family,2450.0,No,No,Finished,Wood,No,forced air,carpet,asphalt,No,municipal,No,No,No
Kelowna,BC,49.7953774,-119.503979,1238000.0,4.0,4.0,0.22,Single Family,3397.0,Yes,No,Finished,Concrete,Yes,forced air,carpet,asphalt,No,municipal,No,No,No
Kelowna,BC,49.7880707,-119.5140991,1549000.0,7.0,4.0,0.13,Single Family,4037.0,Yes,No,Finished,Composite,Yes,forced air,wood,asphalt,No,municipal,No,No,No
Lake Country,BC,50.0060787,-119.4371233,2335000.0,4.0,4.0,2.45,Single Family,4049.0,Yes,Yes,Finished,Concrete,Yes,forced air,concrete,other,No,septic,No,No,No
Kelowna,BC,49.997857,-119.4075254,1649900.0,6.0,5.0,6.49,Single Family,3409.0,No,No,No basement,Composite,No,heat pump,wood,metal,No,septic,No,No,No
Kelowna,BC,49.7945882,-119.5043869,1348800.0,4.0,4.0,0.17,Single Family,3487.0,Yes,No,Finished,Concrete,Yes,forced air,carpet,asphalt,No,municipal,No,No,No
Kelowna,BC,49.7837365,-119.5682807,7549000.0,5.0,8.0,2.31,Single Family,7766.0,Yes,No,Finished,Brick,Yes,alt heat,carpet,tile,No,septic,No,No,No
Creston,BC,49.0910645,-116.4637146,529000.0,5.0,3.0,0.49,Single Family,2989.0,No,No,Partial,Concrete,Yes,forced air,carpet,metal,No,septic,No,No,No
Creston,BC,49.1026502,-116.5187048,375000.0,3.0,2.0,0.16,Single Family,1110.0,Yes,Yes,Finished,Composite,No,forced air,laminate,asphalt,No,municipal,No,No,No
Dawson Creek,BC,55.9502678,-120.1358337,765000.0,4.0,1.0,154.0,Single Family,2697.0,Yes,No,Finished,Vinyl,Yes,forced air,carpet,asphalt,No,none,No,No,No
Dawson Creek,BC,55.8969574,-120.3499527,975000.0,5.0,4.0,79.81,Single Family,3628.0,Yes,Yes,Finished,Vinyl,No,fireplace,wood,asphalt,No,none,No,No,No
Creston,BC,49.0926257,-116.4972031,427000.0,3.0,3.0,0.18,Single Family,1924.0,No,Yes,Finished,Wood,No,radiant,vinyl,asphalt,No,municipal,No,No,No
Nelson,BC,49.49728,-117.283641,950000.0,3.0,4.0,0.17,Single Family,3550.0,No,No,Partial,Wood,Yes,boiler,wood,asphalt,No,municipal,No,No,No
Creston,BC,49.096817,-116.5196915,715000.0,4.0,1.0,4.25,Single Family,2398.0,Yes,Yes,Finished,Concrete,No,forced air,carpet,asphalt,No,septic,No,No,No
Skookumchuck,BC,49.9799767,-115.6759841,995000.0,2.0,2.0,10.5,Single Family,3037.0,No,Yes,Finished,Wood,Yes,forced air,wood,metal,No,septic,No,No,No
Creston,BC,49.0920193,-116.5137237,447500.0,3.0,1.0,0.14,Single Family,1700.0,No,No,Partial,Wood,No,forced air,other,asphalt,No,municipal,No,No,No
Cranbrook,BC,49.4937943,-115.7595121,659900.0,3.0,3.0,0.17,Single Family,2367.0,Yes,No,Finished,Concrete,Yes,forced air,carpet,asphalt,No,municipal,No,No,No
Windermere,BC,50.4900589,-115.9908752,629000.0,3.0,2.0,0.02,Single Family,1607.0,No,No,Finished,Metal,No,forced air,carpet,asphalt,No,municipal,No,No,No
Cranbrook,BC,49.4976901,-115.7770213,449900.0,5.0,2.0,0.14,Single Family,1695.0,No,No,Finished,Concrete,No,forced air,carpet,asphalt,No,municipal,No,No,No
Cranbrook,BC,49.5081482,-115.7398987,609900.0,3.0,3.0,0.17,Single Family,2771.0,Yes,No,Finished,Vinyl,No,forced air,carpet,asphalt,No,municipal,No,No,No
Nelson,BC,49.6197701,-117.0120926,998000.0,3.0,3.0,1.11,Single Family,2729.0,Yes,No,Finished,Composite,Yes,alt heat,wood,asphalt,No,none,No,No,No
Jaffray,BC,49.3734711,-115.2987937,850000.0,3.0,3.0,0.74,Single Family,1584.0,Yes,No,No basement,Vinyl,No,forced air,carpet,asphalt,No,septic,No,No,No
Nelson,BC,49.620709,-117.0094677,1175000.0,3.0,3.0,1.39,Single Family,2779.0,Yes,No,Finished,Composite,Yes,forced air,other,asphalt,No,septic,No,No,No
Nelson,BC,49.503893,-117.273095,659000.0,3.0,1.0,0.15,Single Family,1200.0,No,No,No basement,Vinyl,No,forced air,tile,asphalt,No,municipal,No,No,No
Fernie,BC,49.5005684,-115.0735779,1200000.0,5.0,3.0,0.25,Single Family,2643.0,Yes,No,Finished,Concrete,Yes,forced air,carpet,metal,No,municipal,No,No,No
Harrop,BC,49.6015233,-117.0613471,1575000.0,2.0,1.0,28.69,Single Family,1084.0,Yes,Yes,No basement,Metal,Yes,radiant,wood,asphalt,No,none,No,No,No
Kaslo,BC,49.9155464,-116.9195938,599000.0,3.0,2.0,0.21,Single Family,1769.0,Yes,Yes,Finished,Wood,Yes,radiant,wood,metal,No,none,No,No,No
Fairmont Hot Springs,BC,50.3168822,-115.8519807,1849999.0,4.0,4.0,8.81,Single Family,3475.0,Yes,Yes,Finished,Composite,Yes,forced air,wood,asphalt,No,septic,No,No,No
Riondel,BC,49.7274895,-116.8509903,575000.0,2.0,1.0,22.81,Single Family,1248.0,No,No,No basement,Wood,Yes,fireplace,wood,metal,No,septic,No,No,No
Windermere,BC,50.4585097,-115.9869331,1250000.0,5.0,5.0,0.39,Single Family,4690.0,Yes,No,Finished,Concrete,Yes,forced air,wood,asphalt,No,septic,No,No,No
Creston,BC,49.101455,-116.466032,1449888.0,5.0,5.0,1.72,Single Family,3850.0,Yes,Yes,Finished,Composite,Yes,alt heat,carpet,asphalt,No,septic,No,No,No
Wynndel,BC,49.1656647,-116.5404968,849900.0,3.0,2.0,1.27,Single Family,2541.0,Yes,No,Finished,Vinyl,Yes,forced air,carpet,asphalt,No,none,No,No,No
Jaffray,BC,49.3755497,-115.2964861,779000.0,4.0,3.0,1.05,Single Family,3657.0,No,Yes,Finished,Wood,Yes,forced air,carpet,metal,No,septic,No,No,No
Kaslo,BC,49.9122047,-116.9199677,389000.0,3.0,1.0,0.13,Single Family,1026.0,No,No,No basement,Vinyl,No,radiant,carpet,metal,No,none,No,No,No
Harrop,BC,49.604538,-117.0148392,745000.0,4.0,3.0,2.58,Single Family,2765.0,Yes,No,Finished,Vinyl,Yes,radiant,wood,asphalt,No,septic,No,No,No
Windermere,BC,50.4548349,-115.9735998,989000.0,3.0,2.0,2.52,Single Family,1464.0,No,Yes,No basement,Concrete,Yes,radiant,carpet,asphalt,No,septic,No,No,No
Invermere,BC,50.5079193,-116.0348129,949000.0,4.0,3.0,0.7,Single Family,2842.0,Yes,Yes,Finished,Concrete,Yes,forced air,carpet,asphalt,No,municipal,No,No,No
Creston,BC,49.0959167,-116.5002365,749000.0,4.0,3.0,0.28,Single Family,3026.0,No,No,Finished,Concrete,Yes,boiler,vinyl,asphalt,No,municipal,No,No,No
Erickson,BC,49.098906,-116.491551,788000.0,4.0,2.0,12.74,Single Family,2588.0,Yes,Yes,Finished,Vinyl,Yes,forced air,vinyl,asphalt,No,septic,No,No,No
Creston,BC,49.0911484,-116.5215378,647900.0,3.0,2.0,0.16,Single Family,2055.0,No,Yes,No basement,Vinyl,Yes,forced air,carpet,asphalt,No,municipal,No,No,No
Panorama,BC,50.4438477,-116.2521744,1499000.0,5.0,6.0,0.22,Single Family,3411.0,Yes,No,Finished,Wood,Yes,radiant,carpet,asphalt,No,municipal,No,No,No
Cranbrook,BC,49.577505,-115.7939296,634900.0,4.0,2.0,0.15,Single Family,1874.0,Yes,No,Finished,Composite,Yes,forced air,carpet,asphalt,No,municipal,No,No,No
Invermere,BC,50.4970512,-116.0475159,1149000.0,4.0,3.0,0.21,Single Family,2784.0,Yes,No,Finished,Concrete,Yes,forced air,carpet,asphalt,No,municipal,No,No,No
Fairmont Hot Springs,BC,50.3251963,-115.861648,744900.0,6.0,4.0,0.34,Single Family,3374.0,Yes,No,Finished,Wood,Yes,forced air,carpet,metal,No,municipal,No,No,No
Cranbrook,BC,49.4941463,-115.7769607,599000.0,4.0,2.0,0.17,Single Family,2524.0,Yes,Yes,Finished,Brick,Yes,forced air,wood,other,No,municipal,No,No,No
Creston,BC,49.0972137,-116.5136337,549900.0,6.0,3.0,0.18,Single Family,2053.0,Yes,Yes,Partial,Vinyl,No,forced air,carpet,asphalt,No,municipal,No,No,No
Fernie,BC,49.5015549,-115.0718026,745500.0,2.0,1.0,0.12,Single Family,925.0,Yes,No,Partial,Wood,Yes,forced air,tile,asphalt,No,municipal,No,No,No
Ainsworth,BC,49.7264709,-116.9116211,748000.0,2.0,2.0,4.1,Single Family,1733.0,No,No,No basement,Wood,Yes,radiant,wood,metal,No,none,No,No,No
Sparwood,BC,49.7302692,-114.8920594,489000.0,4.0,2.0,0.16,Single Family,1751.0,No,Yes,Finished,Metal,No,forced air,carpet,asphalt,No,municipal,No,No,No
Cranbrook,BC,49.501749,-115.752733,649900.0,6.0,3.0,0.2,Single Family,3212.0,Yes,No,Finished,Brick,Yes,radiant,carpet,other,No,municipal,No,No,No
Creston,BC,49.1806068,-116.5400085,629000.0,3.0,2.0,0.8,Single Family,1929.0,Yes,No,No basement,Vinyl,Yes,forced air,wood,asphalt,No,septic,No,No,No
Nelson,BC,49.501677,-117.279907,899000.0,5.0,4.0,0.17,Single Family,4190.0,No,No,Finished,Concrete,Yes,forced air,wood,asphalt,No,municipal,No,No,No
Nelson,BC,49.5583916,-117.2465057,2058000.0,3.0,3.0,0.5,Single Family,2659.0,No,Yes,Finished,Vinyl,Yes,forced air,carpet,asphalt,No,none,No,No,No
Cranbrook,BC,49.5207041,-115.7486483,564900.0,4.0,3.0,0.12,Single Family,2049.0,Yes,Yes,Finished,Vinyl,No,forced air,laminate,asphalt,No,municipal,No,No,No
